:020000020000FC
:040000000040007448
:040001000840081497
:040002000800683A50
:0400030000000000F9
:0400040000000000F8
:0400050000000000F7
:0400060000000000F6
:0400070000000000F5
:0400080006C00074BA
:04000900DED6FC142F
:04000A0006800074F8
:04000B00D6B3E5146F
:04000C0000800074FC
:04000D001093E9144F
:04000E0000C00074BA
:04000F0018D62F14BC
:0400100010C00326F3
:0400110010000015C6
:040012001080010455
:0400130010FFFD36A7
:040014000014F3C021
:04001500003FFF06A3
:04001600D0A003175C
:04001700D2200117DB
:0400180000C00074B0
:0400190018D3E9040B
:04001A001085883A8B
:04001B001085883A8A
:04001C001105883A08
:04001D0019C00017EF
:04001E001004913AFF
:04001F0040C00417C2
:0400200011CF883A3A
:040021001800091E9C
:0400220000800074E6
:040023001093EB0447
:040024001080001731
:04002500410005157C
:0400260041800315FD
:04002700414004153B
:040028001180051529
:040029001140041569
:04002A0011000615A6
:04002B00394008153B
:04002C0039800915F9
:04002D00F800283A75
:04002E00F800283A74
:04002F00F800283A73
:04003000F800283A72
:04003100F800283A71
:0400320000C0038483
:0400330000800374D2
:0400340010C00035C3
:0400350000C75304A9
:040036001080010431
:0400370010C00035C0
:0400380000C002B44E
:0400390018C01904CE
:04003A00108001042D
:04003B0010C00035BC
:04003C0000C780B4C5
:04003D0018C0C084A3
:04003E001080010429
:04003F0010C00035B8
:0400400000C0047484
:0400410018D6450484
:040042001080010425
:0400430010C00035B4
:0400440000C00104F3
:0400450010C5883A20
:0400460010C00035B1
:0400470000D6C034EB
:0400480018C08884D0
:04004900108001041E
:04004A0010C00035AD
:04004B00F800283A57
:04004C0000D5557412
:04004D0018C1208432
:04004E00008001F439
:04004F0010C00035A8
:040050001080010417
:040051001000003566
:040052001080010415
:040053001000003564
:040054001080010413
:040055001000003562
:040056001080010411
:040057001000003560
:04005800108001040F
:04005900100000355E
:04005A00108001040D
:04005B00100000355C
:04005C00F800283A46
:04005D00D0A0011717
:04005E0010C00817AF
:04005F0000BFFFC41B
:040060001880161ED0
:0400610000C03FC4D8
:0400620000800174A5
:040063001082020401
:0400640010C0003593
:040065002800082641
:0400660000C00C4486
:040067001081000400
:0400680010C000358F
:0400690000C00BC404
:04006A0010800104FD
:04006B0010C000358C
:04006C0001400B4400
:04006D0000003D064C
:04006E0000C008C402
:04006F000080017498
:0400700010830204F3
:0400710010C0003586
:0400720000C008447E
:0400730010800104F4
:0400740010C0003583
:04007500014007C47B
:040076000000200660
:04007700280B003A18
:0400780018000B1E43
:0400790000C03FC4C0
:04007A00008001748D
:04007B0010820204E9
:04007C0010C000357B
:04007D002800021E37
:04007E0000C00C04AE
:04007F0000000E0669
:0400800000C0088430
:040081000080017486
:0400820010830204E1
:040083000000110662
:040084000080017483
:0400850010820204DF
:040086001000003531
:0400870010810004E0
:04008800100000352F
:0400890018FFFFC499
:04008A0010BF01049E
:04008B0010C000356C
:04008C002800051E25
:04008D0000C00BC4E0
:04008E0010810004D9
:04008F0010C0003568
:0400900001400B849C
:04009100000019064C
:0400920000C008445E
:040093000080017474
:0400940010830304CE
:0400950010C0003562
:040096000140080419
:040097000080017470
:0400980010840004CC
:04009900100000351E
:04009A0000C010048E
:04009B0010BE00048F
:04009C0010C000355B
:04009D0010810004CA
:04009E0011400035D8
:04009F0000C00C048D
:0400A00010BF010488
:0400A10010C0003556
:0400A20000C00A840C
:0400A30010810004C4
:0400A40010C0003553
:0400A5002105883A6F
:0400A60000C0017421
:0400A7001085883AFE
:0400A80010C5883ABD
:0400A90011400035CD
:0400AA00F800283AF8
:0400AB00008001745C
:0400AC0010840004B8
:0400AD00100000350A
:0400AE0000C010047A
:0400AF0010BE00047B
:0400B00010C0003547
:0400B10010810004B6
:0400B20011400035C4
:0400B30000C00C0479
:0400B40010BF010474
:0400B50010C0003542
:0400B60000C00E0474
:0400B700003FEB0615
:0400B800008001744F
:0400B90010A000048F
:0400BA0011000035FC
:0400BB0028C0001742
:0400BC002109883A54
:0400BD000080037448
:0400BE0010800804A2
:0400BF002109883A51
:0400C00018C0004420
:0400C1002089883AD0
:0400C20028C000153D
:0400C30020C0003524
:0400C400F800283ADE
:0400C500DEFFFC045A
:0400C600DC800215C3
:0400C700DC40011503
:0400C800DC00001543
:0400C900DFC003157C
:0400CA002025883A2B
:0400CB002823883A24
:0400CC000021883A4D
:0400CD009009883AD4
:0400CE00880B883AD9
:0400CF0000102E00EF
:0400D0008400004464
:0400D100008003C4E4
:0400D20080BFFA1ED3
:0400D300DFC0031770
:0400D400DC800217B3
:0400D500DC400117F3
:0400D600DC00001733
:0400D700DEC004047F
:0400D800F800283ACA
:0400D900008001B4EE
:0400DA0010A38304E8
:0400DB0011000035DB
:0400DC00F800283AC6
:0400DD00008001B4EA
:0400DE0010A38204E5
:0400DF0011000035D7
:0400E000F800283AC2
:0400E100008001B4E6
:0400E20010A38104E2
:0400E30010000035D4
:0400E400F800283ABE
:0400E5002109883A2B
:0400E6002109883A2A
:0400E7002080010470
:0400E8001004D0BA76
:0400E9002008D0BA61
:0400EA0000C001B49D
:0400EB0018E3800492
:0400EC000000020608
:0400ED0019000035C1
:0400EE0021000044A9
:0400EF0020BFFD36FB
:0400F000F800283AB2
:0400F100008001B4D6
:0400F20010A38004D3
:0400F30011000035C3
:0400F400F800283AAE
:0400F500000D883A38
:0400F600024001B40F
:0400F7004A62C00495
:0400F800020001B44D
:0400F900422300049A
:0400FA0001C002043B
:0400FB003185883A89
:0400FC001085883AA9
:0400FD001247883AE4
:0400FE001940003570
:0400FF001205883A24
:040100001140003575
:040101003180004405
:0401020031FFF81EB3
:0401030000C03FC435
:04010400008001B4C2
:0401050010A38204BD
:0401060010C00035F0
:0401070010BF4704DA
:04010800114000356D
:040109001080BA04A4
:04010A0010C00035EC
:04010B002105883A08
:04010C0000C001B47A
:04010D0018E2800470
:04010E001085883A96
:04010F0010C5883A55
:040110001140003565
:04011100008001B4B5
:0401120010A38104B1
:0401130010000035A3
:0401140010BFFF0415
:0401150011000035A0
:040116001080080449
:04011700100000359F
:04011800F800283A89
:040119002105883AFA
:04011A001085883A8A
:04011B00100CD0BA3A
:04011C00108001044A
:04011D00100ED0BA36
:04011E003185883A65
:04011F00DEFFFB0400
:040120001085883A84
:0401210000C001B465
:0401220018E140049C
:04012300DCC0031524
:0401240010C5883A40
:040125002827883AC5
:04012600DFC004151D
:04012700DC80021561
:04012800DC400115A1
:04012900DC000015E1
:04012A0000000306C8
:04012B0014C00035C7
:04012C0031800044DA
:04012D001080010439
:04012E0031FFFC366B
:04012F00D46003177E
:040130000140060480
:0401310000800074D6
:040132001093E90439
:04013300148000171D
:040134000014F04083
:040135008809883A73
:040136000140180468
:040137001021883AD1
:040138000014F0407F
:0401390080A1883ADF
:04013A0084A1883ADA
:04013B0084C14F1517
:04013C00DFC0041705
:04013D00DCC0031708
:04013E00DC80021748
:04013F00DC40011788
:04014000DC000017C8
:04014100DEC0050413
:04014200F800283A5F
:04014300DEFFFA04DD
:04014400DD000415C1
:04014500DC40011584
:040146002029883AAA
:040147002823883AA7
:04014800008001B47E
:0401490010A1C80435
:04014A00DFC00515F8
:04014B00DCC00315FC
:04014C00DC8002153C
:04014D00DC000015BD
:04014E001140003527
:04014F00D4A003171E
:040150000140060460
:0401510000800074B6
:040152001093E90419
:0401530014C00017BD
:040154000014F04063
:040155009009883A4B
:040156000140180448
:040157001021883AB1
:040158000014F0405F
:0401590080A1883ABF
:04015A0084E1883A7A
:04015B0084014D04CA
:04015C0084400015C6
:04015D000010384016
:04015E00A009883A32
:04015F00880B883A47
:040160000010464005
:04016100A009883A2F
:04016200DFC00517DE
:04016300DD000417A0
:04016400DCC00317E1
:04016500DC80021721
:04016600DC40011761
:04016700DC000017A1
:04016800DEC00604EB
:040169000010394108
:04016A002105883AA9
:04016B00DEFFFA04B5
:04016C0000C001B41A
:04016D0018E0C004D2
:04016E001085883A36
:04016F00DD00041596
:04017000DC40011559
:0401710010C5883AF3
:040172002023883A84
:040173002829883A75
:04017400DFC00515CE
:04017500DCC00315D2
:04017600DC80021512
:04017700DC00001593
:0401780011400035FD
:04017900D4A00317F4
:04017A000140030439
:04017B00008000748C
:04017C001093E904EF
:04017D0014C0001793
:04017E000014F04039
:04017F009009883A21
:0401800001400C042A
:040181001021883A87
:040182000014F04035
:0401830080A1883A95
:0401840084E1883A50
:0401850084014204AB
:04018600008001B440
:0401870010A380043D
:0401880085000015D9
:0401890014400035E9
:04018A0010800804D5
:04018B00100000352B
:04018C00DFC00517B4
:04018D00DD00041776
:04018E00DCC00317B7
:04018F00DC800217F7
:04019000DC40011737
:04019100DC00001777
:04019200DEC00604C1
:04019300F800283A0E
:040194002105883A7F
:04019500DEFFFA048B
:0401960000C001B4F0
:0401970018E08004E8
:040198001085883A0C
:04019900DD0004156C
:04019A00DC4001152F
:04019B0010C5883AC9
:04019C002023883A5A
:04019D002829883A4B
:04019E00DFC00515A4
:04019F00DCC00315A8
:0401A000DC800215E8
:0401A100DC00001569
:0401A20011400035D3
:0401A300D4A00317CA
:0401A400014003040F
:0401A5000080007462
:0401A6001093E904C5
:0401A70014C0001769
:0401A8000014F0400F
:0401A9009009883AF7
:0401AA0001400C0400
:0401AB001021883A5D
:0401AC000014F0400B
:0401AD0080A1883A6B
:0401AE0084E1883A26
:0401AF008401410482
:0401B000008001B416
:0401B10010A3800413
:0401B20085000015AF
:0401B30014400035BF
:0401B40010800804AB
:0401B5001000003501
:0401B600DFC005178A
:0401B700DD0004174C
:0401B800DCC003178D
:0401B900DC800217CD
:0401BA00DC4001170D
:0401BB00DC0000174D
:0401BC00DEC0060497
:0401BD00F800283AE4
:0401BE0000BFFF84FB
:0401BF001104183AD5
:0401C00000C0017406
:0401C10018C5000459
:0401C20010803FCC9E
:0401C300188000356B
:0401C400F800283ADD
:0401C500D0A00217AD
:0401C600DEFFFF0455
:0401C700DFC0001580
:0401C8001080051787
:0401C9000009883A67
:0401CA00000B883A64
:0401CB001000111EF1
:0401CC0000106F8030
:0401CD0000800504A5
:0401CE000140017477
:0401CF00288000354F
:0401D000010003C463
:0401D1000080017435
:0401D2001082000493
:0401D30011000035E2
:0401D40000C004045F
:0401D5001081000491
:0401D60010C0003520
:0401D70010BF010450
:0401D80011000035DD
:0401D90000C00484DA
:0401DA00108100048C
:0401DB0010C000351B
:0401DC0029000035C1
:0401DD00DFC0001768
:0401DE00DEC001047A
:0401DF00F800283AC2
:0401E000DEFFFD043D
:0401E100DFC0021564
:0401E200DC400115E7
:0401E300DC00001527
:0401E40028000226C7
:0401E500044000448E
:0401E600000001060E
:0401E700244000446C
:0401E8002021883A10
:0401E90000002006EC
:0401EA00D0A0021788
:0401EB001885883AB1
:0401EC001080051763
:0401ED0010001B1EC5
:0401EE0000106F800E
:0401EF000080017417
:0401F0001082000475
:0401F10001000804FD
:0401F20011000035C3
:0401F30000C00644FE
:0401F4001081000472
:0401F50010C0003501
:0401F60010BF010431
:0401F70011000035BE
:0401F80000C00744F8
:0401F900108100046D
:0401FA0010C00035FC
:0401FB00010000847B
:0401FC0010BF01042B
:0401FD0011000035B8
:0401FE0000C005C474
:0401FF001081000467
:0402000010C00035F5
:0402010010BF010425
:0402020011000035B2
:0402030000C006C46D
:040204001081000461
:0402050010C00035F0
:0402060000C00584AB
:0402070000800174FE
:0402080010C00035ED
:040209008400004429
:04020A008405883AA5
:04020B008009883AA4
:04020C000140004469
:04020D001087883A94
:04020E00847FDB36D8
:04020F000009883A20
:04021000000B883A1D
:04021100DFC0021731
:04021200DC400117B4
:04021300DC000017F4
:04021400DEC0030441
:0402150000106F81E5
:04021600D0A002175B
:04021700DEFFFF0403
:04021800DFC000152E
:040219001080051735
:04021A000009883A15
:04021B00000B883A12
:04021C0010000A1EA6
:04021D0000106F80DE
:04021E0000C00174A7
:04021F000080050452
:04022000188000350D
:040221000080014414
:04022200188000350B
:04022300008001C492
:040224001880003509
:04022500008002440F
:040226001880003507
:04022700DFC000171D
:04022800DEC001042F
:04022900F800283A77
:04022A0000C00044CC
:04022B0000800174DA
:04022C0010B0020408
:04022D0010C00035C8
:04022E0010BFFF04FA
:04022F001000003586
:040230001080020434
:040231001000003584
:040232001080010433
:040233001000003582
:04023400D0A0000B4B
:0402350000C03E04C3
:04023600D16001177B
:0402370010803E0CE9
:0402380001003FC4BE
:0402390010C00626C5
:04023A00D0A0021737
:04023B001100001599
:04023C001100021596
:04023D001100041593
:04023E001100011595
:04023F001100031592
:0402400028800017FB
:040241001080004CDD
:040242001000041E86
:04024300D0A002172E
:04024400100006158B
:04024500100005158B
:040246001000071588
:04024700F800283A59
:0402480000800174BD
:0402490010A00704F6
:04024A001100003768
:04024B00108001041A
:04024C0011C00037A6
:04024D0020FFFFC4CB
:04024E001806D07A44
:04024F002080004CBF
:040250001005003A5B
:04025100200AD07A35
:0402520019BFFFC40D
:040253001000012670
:0402540029BFFFC4FB
:0402550038800044A9
:0402560020FFFFC4C2
:040257001004D07A45
:04025800180ED07A32
:04025900D0E00117D9
:04025A00108002040A
:04025B00014003C497
:04025C0019800815E8
:04025D0018800115EF
:04025E00390000441F
:04025F002880012EC4
:04026000194001152B
:0402610018C00117A9
:0402620000800174A3
:0402630010B00004D3
:0402640010C0003591
:04026500D0A001170D
:04026600110002156C
:04026700008001749E
:0402680010B00604C8
:0402690011C000358B
:04026A0000107141CE
:04026B00DEFFF804B6
:04026C00D880091716
:04026D00DD40051556
:04026E00DD00041596
:04026F00DCC00315D7
:04027000DC40011558
:04027100DFC00715CE
:04027200DD80061510
:04027300DC80021514
:04027400DC00001595
:04027500282B883A70
:040276003027883A6B
:040277003829883A60
:04027800DC40081747
:040279001000022649
:04027A0005800044B7
:04027B000000010678
:04027C002580004495
:04027D00D0E00217B4
:04027E002021883A79
:04027F0018800317C9
:04028000888000155D
:040281001C800417C2
:04028200000013065F
:04028300D0A00217EE
:040284001885883A17
:0402850010800517C9
:0402860010000E1E38
:0402870000106F8074
:04028800008001747D
:0402890010A00204BB
:04028A00100000352B
:04028B00A809883AFC
:04028C00980B883A09
:04028D000010174006
:04028E000080017477
:04028F0010C0003764
:04029000888000174B
:0402910000C6303A39
:040292009084703AAA
:040293001886703A1F
:0402940088C0001509
:04029500840000449D
:040296008405883A19
:040297008009883A18
:0402980001400044DD
:040299001087883A08
:04029A0085BFE836FE
:04029B00A000082691
:04029C000009883A93
:04029D00000B883A90
:04029E0000106F805D
:04029F00D0E0021792
:0402A000888000173B
:0402A10018C0031767
:0402A20010C5003A49
:0402A300000005064C
:0402A4000009883A8B
:0402A500000B883A88
:0402A60000106F8055
:0402A7008880001734
:0402A8001004C03A44
:0402A900DFC0071794
:0402AA00DD800617D6
:0402AB00DD40051716
:0402AC00DD00041756
:0402AD00DCC0031797
:0402AE00DC800217D7
:0402AF00DC40011717
:0402B000DC00001757
:0402B100DEC008049F
:0402B200F800283AEE
:0402B300DEFFF60470
:0402B400DC800515D0
:0402B500D4A00317B7
:0402B600DCC006158D
:0402B7002827883A32
:0402B800DD40081508
:0402B90001400304F9
:0402BA00008000744C
:0402BB001093E904AF
:0402BC00202B883A31
:0402BD009809883ADA
:0402BE00DFC009157F
:0402BF00DD00071542
:0402C000DC40041505
:0402C100DC00031545
:0402C20014400017CD
:0402C3000014F040F3
:0402C4009009883ADB
:0402C50001400C04E4
:0402C6001021883A41
:0402C7000014F040EF
:0402C80080A1883A4F
:0402C9008461883A8A
:0402CA00840165172F
:0402CB000025883A48
:0402CC008029883AC3
:0402CD000000160611
:0402CE00008001B4F7
:0402CF0010A1C904AD
:0402D00014000035E1
:0402D1000009883A5E
:0402D20000103640A2
:0402D300008001B4F2
:0402D40010A38804E7
:0402D50010000035E0
:0402D6000023883A3F
:0402D700018000445E
:0402D800D8800204C4
:0402D900A809883AAE
:0402DA00980B883ABB
:0402DB00300F883A1E
:0402DC00D8800015B1
:0402DD00D80001152F
:0402DE0000109AC0B2
:0402DF008C4000440B
:0402E00010000526DF
:0402E100008003C4D2
:0402E2008880552695
:0402E300003FF306DF
:0402E400008007C4CB
:0402E500143FE82EAC
:0402E600008001B4DF
:0402E70010A1C90495
:0402E80015000035C8
:0402E9000009883A46
:0402EA00001036408A
:0402EB00008001B4DA
:0402EC0010A38804CF
:0402ED0010000035C8
:0402EE00D4600317BE
:0402EF000080007417
:0402F0001093ED0476
:0402F10010C0001722
:0402F2008C45883A75
:0402F3001085883AB0
:0402F40014C5883A6B
:0402F500100490FA67
:0402F60001400604B9
:0402F7009809883AA0
:0402F80010C5883A6B
:0402F9001480051553
:0402FA00008000740C
:0402FB001093E9046F
:0402FC001480001753
:0402FD000014F040B9
:0402FE008809883AA9
:0402FF00014018049E
:040300001021883A06
:040301000014F040B4
:0403020080A1883A14
:0403030084A1883A0F
:0403040084014D170C
:040305000025883A0D
:040306008029883A88
:0403070000001506D7
:04030800008001B4BC
:0403090010A1C80473
:04030A0014000035A6
:04030B000010384066
:04030C00008001B4B8
:04030D0010A38804AD
:04030E0010000035A6
:04030F000023883A05
:040310000180004424
:04031100D88002048A
:04031200A809883A74
:04031300980B883A81
:04031400300F883AE4
:04031500D880001577
:04031600D8000115F5
:0403170000109AC078
:040318008C400044D1
:0403190010000526A5
:04031A00008003C498
:04031B0088801F2691
:04031C00003FF306A5
:04031D00008007C491
:04031E00143FE92E71
:04031F00A00B883A6D
:040320009809883A76
:04032100001050C0B8
:04032200008001B4A2
:0403230010A3880497
:040324001000003590
:04032500D0A003174A
:0403260000C000749F
:0403270018D3ED04F6
:0403280018C00017E2
:040329001085883A79
:04032A001085883A78
:04032B0014C5883A33
:04032C00100490FA2F
:04032D0010C5883A35
:04032E00148006151C
:04032F00DFC009170B
:04033000DD4008178D
:04033100DD000717CD
:04033200DCC006170E
:04033300DC8005174E
:04033400DC4004178E
:04033500DC000317CE
:04033600DEC00A0417
:04033700F800283A68
:040338009480004469
:0403390084000044F8
:04033A00003FA906D1
:04033B009480004466
:04033C0084000044F5
:04033D00003FDF0698
:04033E00DEFFF804E2
:04033F00D8800A1741
:04034000DD80061541
:04034100DD000415C2
:04034200DC80021544
:04034300DC40011584
:04034400DFC00715FA
:04034500DD4005157D
:04034600DCC00315FF
:04034700DC000015C1
:040348002823883AA4
:040349003829883A8D
:04034A00DC80081734
:04034B00DD80091731
:04034C001000022675
:04034D000540004423
:04034E0000000106A4
:04034F002540004401
:04035000D0E00217E0
:040351002021883AA5
:0403520018800117F7
:040353009080001581
:040354001CC00217B0
:040355000000450659
:04035600D0A002171A
:040357001885883A43
:0403580010800517F5
:040359001000401E32
:04035A0000106F80A0
:04035B0000800174A9
:04035C001082010406
:04035D000100040493
:04035E001100003555
:04035F0000C0124484
:040360001081000404
:0403610010C0003593
:0403620010BF0104C3
:040363001100003550
:0403640000C013C4FE
:0403650010810004FF
:0403660010C000358E
:04036700B0001426A8
:0403680000C001844C
:0403690010BEFE04C0
:04036A0010C000358A
:04036B000100114438
:04036C0010810004F8
:04036D001100003546
:04036E0000C000C407
:04036F0010BF0304B4
:0403700010C0003584
:0403710010810004F3
:040372001100003541
:040373000080017491
:0403740010A00204CF
:04037500100000353F
:04037600008001748E
:0403770010840004EA
:04037800100000353C
:0403790000C001744B
:04037A0018C10004A2
:04037B000000120666
:04037C0000C00C842D
:04037D000080017487
:04037E0010820004E5
:04037F0010C0003575
:0403800000C0114464
:0403810010810004E3
:0403820010C0003572
:0403830010BF0304A0
:040384001000003530
:0403850010810004DF
:0403860010C000356E
:04038700008001747D
:0403880010A00204BB
:04038900100000352B
:04038A00008001747A
:04038B0010840004D6
:04038C001000003528
:04038D0000C0017437
:04038E008C45883AD8
:04038F001085883A13
:040390001885883A0A
:0403910000C0114453
:0403920010C0003562
:040393000080017471
:0403940010C000375E
:04039500908000173D
:0403960000C6303A33
:040397009884703A9C
:040398001886703A19
:0403990090C00015FB
:04039A008400004497
:04039B008405883A13
:04039C008009883A12
:04039D0001400044D7
:04039E001087883A02
:04039F00857FB6366A
:0403A0008C45883AC6
:0403A10000C0017423
:0403A2001085883A00
:0403A30010C5883ABF
:0403A40000C00EC4C3
:0403A50010C000354F
:0403A600A000082685
:0403A7000009883A87
:0403A800000B883A84
:0403A90000106F8051
:0403AA00D0E0021786
:0403AB009080001727
:0403AC0018C001175D
:0403AD0010C5003A3D
:0403AE000000050640
:0403AF000009883A7F
:0403B000000B883A7C
:0403B10000106F8049
:0403B2009080001720
:0403B3001004C03A38
:0403B400DFC0071788
:0403B500DD800617CA
:0403B600DD4005170A
:0403B700DD0004174A
:0403B800DCC003178B
:0403B900DC800217CB
:0403BA00DC4001170B
:0403BB00DC0000174B
:0403BC00DEC0080493
:0403BD00F800283AE2
:0403BE00DEFFE50475
:0403BF00DD401615F2
:0403C000282B883A24
:0403C100000B883A6B
:0403C200DFC01A1569
:0403C300DC801315B2
:0403C400D9000D153A
:0403C500DF00191527
:0403C600DDC0181569
:0403C700DD801715A9
:0403C800DD0015152A
:0403C900DCC014156B
:0403CA00DC401215EC
:0403CB00DC0011152C
:0403CC0000107800A5
:0403CD00AD45883A78
:0403CE001085883AD4
:0403CF001024D0BA6C
:0403D000D8800C15B0
:0403D10001400304E0
:0403D200900690FA07
:0403D3009485883A4B
:0403D4001085883ACE
:0403D500D8C0061571
:0403D60000C001B4AE
:0403D70018E04004E6
:0403D80010C5883A8A
:0403D9009009883AC5
:0403DA00D8800F15A3
:0403DB000014F040DA
:0403DC00D8801015A0
:0403DD00D8000A1525
:0403DE00D800071527
:0403DF000000AC0668
:0403E000D9000A171F
:0403E10000C001B4A3
:0403E20018E24004D9
:0403E30001400304CE
:0403E4002105883A2D
:0403E500D90006171E
:0403E6001085883ABC
:0403E70010F9883A47
:0403E8000014F040CD
:0403E900DDC00A1752
:0403EA00D8800E1594
:0403EB000029883A23
:0403EC00D120031702
:0403ED000080007418
:0403EE001093E9047B
:0403EF000140600465
:0403F00014000017DE
:0403F1000014F040C4
:0403F200D8C00E174A
:0403F300D900061710
:0403F400D800041514
:0403F5001885883AA5
:0403F6001405883A28
:0403F7001580E01776
:0403F8002509883A11
:0403F900D900091509
:0403FA00B023883A6A
:0403FB00D80007150A
:0403FC0000002306D4
:0403FD00E4400035A3
:0403FE00B809883A78
:0403FF000010374073
:04040000008001B4C3
:0404010010A38804B8
:0404020010000035B1
:040403000021883A12
:04040400D9000D17F7
:0404050004C00044EB
:04040600D880030493
:04040700900B883A94
:04040800980D883A89
:04040900000F883A1E
:04040A00D880001581
:04040B00D8000115FF
:04040C00D8000215FD
:04040D000010CF808C
:04040E00D880031778
:04040F008000031E48
:040410009821883A6D
:04041100D880071573
:04041200003FF106B0
:04041300D8C007172F
:04041400840000441C
:040415001886703A9B
:0404160000800184DD
:04041700D8C007152D
:04041800143FEB2E74
:040419009D04983A6C
:04041A001884703A98
:04041B0010000626A1
:04041C00D9000417E8
:04041D008C400044CB
:04041E002100004475
:04041F00D9000415E7
:04042000008007C48D
:04042100147FDB2E3B
:04042200E58000353C
:04042300B809883A52
:04042400001037404D
:04042500008001B49E
:0404260010A3880493
:04042700100000358C
:04042800D1200317C5
:0404290000800074DB
:04042A001093ED043A
:04042B0000C0007499
:04042C0018D3E904F4
:04042D001180001723
:04042E001C00001797
:04042F002004917A9A
:04043000D8C0091710
:0404310001400C0476
:0404320010C5883A2F
:04043300100490FA27
:04043400D8C0041711
:040435001185883A6B
:0404360010C00D15D0
:040437000014F0407D
:04043800D9001017C0
:04043900D8000815CA
:04043A002085883A57
:04043B001405883AE2
:04043C0015814017CF
:04043D00B023883A26
:04043E000000240690
:04043F00D8800F173B
:04044000144000352F
:040441009009883A5C
:0404420000103C402A
:04044300008001B480
:0404440010A3880475
:04044500100000356E
:040446000021883ACF
:04044700D9000D17B4
:0404480004C00044A8
:04044900D8C0030410
:04044A00900B883A51
:04044B00980D883A46
:04044C00000F883ADB
:04044D00D8C00015FE
:04044E00D8000115BC
:04044F00D8000215BA
:040450000010CF8049
:04045100D880031735
:040452008000031E05
:040453009821883A2A
:04045400D880071530
:04045500003FF1066D
:04045600D9000717AB
:0404570084000044D9
:040458002088703A4E
:04045900008001849A
:04045A00D9000715A9
:04045B00143FEB2E31
:04045C009D04983A29
:04045D002084703A4D
:04045E00100006265E
:04045F00D880081722
:040460008C40004488
:0404610010800044C3
:04046200D880081521
:04046300008007C44A
:04046400147FDA2EF9
:04046500D8C00F17D5
:040466001D800035C0
:040467009009883A36
:0404680000103C4004
:04046900008001B45A
:04046A0010A388044F
:04046B001000003548
:04046C000080007498
:04046D001093ED04F7
:04046E0010C00017A3
:04046F00D0A00317FF
:04047000D90009178F
:04047100A50000449E
:040472001004917A67
:04047300BDC00044C4
:04047400E700010498
:040475001105883AAB
:04047600100490FAE4
:04047700D9000E1783
:0404780010C5883AE9
:04047900D8C00817C8
:04047A002100030456
:04047B00D9000E1581
:04047C0010C00E1589
:04047D0000800204F5
:04047E00A0BF6D1E90
:04047F00D900061783
:04048000D8801017F9
:04048100D8C00F17B9
:040482002509883A86
:04048300D900061581
:04048400D9000A177A
:0404850010800304DC
:0404860018C0010495
:040487002509883A81
:040488009480004418
:04048900D8801015F2
:04048A00D8C00F15B2
:04048B00D9000A1575
:04048C00D8C00C17B1
:04048D0018800104CE
:04048E001004D0BACC
:04048F0090BF503694
:04049000A80890FA2E
:04049100014003041F
:040492000027883A7D
:04049300D9000B156C
:040494000014F04020
:04049500102F883A62
:04049600070001B4A6
:04049700E721C00495
:04049800D120031755
:04049900008000746B
:04049A001093E904CE
:04049B001400001732
:04049C0001406004B7
:04049D000014F04017
:04049E00B885883A5B
:04049F001405883A7E
:0404A0001500E1174B
:0404A100D8800B17DD
:0404A200002D883A67
:0404A300A023883AD0
:0404A40014C5883AB9
:0404A500D8800515E1
:0404A600000020062C
:0404A700E4400035F8
:0404A8009809883AED
:0404A90000103740C8
:0404AA00008001B419
:0404AB0010A388040E
:0404AC001000003507
:0404AD000021883A68
:0404AE00D9000D174D
:0404AF000480004481
:0404B000D8C00304A9
:0404B100A80B883AD2
:0404B200000D883A77
:0404B300900F883AE4
:0404B400D8C0001597
:0404B500D800011555
:0404B60000109AC0D8
:0404B700D8800317CF
:0404B8008000031E9F
:0404B9009021883ACC
:0404BA00D8800715CA
:0404BB00003FF20606
:0404BC00D900071745
:0404BD008400004473
:0404BE002088703AE8
:0404BF000080038432
:0404C000D900071543
:0404C100143FEC2ECA
:0404C20094C4983A0C
:0404C3002084703AE7
:0404C40010000426FA
:0404C500B5800044BA
:0404C6008C40004422
:0404C700008007C4E6
:0404C800147FDE2E91
:0404C900E500003515
:0404CA009809883ACB
:0404CB0000103740A6
:0404CC00008001B4F7
:0404CD0010A38804EC
:0404CE0010000035E5
:0404CF00D4A003179B
:0404D0000080007434
:0404D1001093ED0493
:0404D200118000177E
:0404D300D8C0051771
:0404D4009004917A85
:0404D50001400604D8
:0404D600A809883AAF
:0404D70010C5883A8A
:0404D800100490FA82
:0404D90000C00074EB
:0404DA0018D3E90446
:0404DB001C400017AA
:0404DC001185883AC4
:0404DD0015804D1524
:0404DE000014F040D6
:0404DF009009883ABE
:0404E00001401804BB
:0404E1001021883A24
:0404E2000014F040D2
:0404E30080A1883A32
:0404E4008461883A6D
:0404E50084814D17AA
:0404E6000029883A27
:0404E7009023883A9C
:0404E80000002106E9
:0404E900008001B4DA
:0404EA0010A1C80491
:0404EB001440003584
:0404EC000010384084
:0404ED00008001B4D6
:0404EE0010A38804CB
:0404EF0010000035C4
:0404F0000021883A25
:0404F100D9000D170A
:0404F200D8800304A7
:0404F300A80B883A90
:0404F400000D883A35
:0404F500000F883A32
:0404F600D880001595
:0404F700D800011513
:0404F80000109AC096
:0404F900D88003178D
:0404FA008000031E5D
:0404FB0004000044B5
:0404FC00D880071588
:0404FD00003FF306C3
:0404FE00D8C0071744
:0404FF008400004431
:040500001886703AAF
:0405010000800384EF
:04050200D8C0071541
:04050300143FED2E86
:04050400008000442F
:0405050014C4983A48
:040506001884703AAB
:0405070010000426B6
:04050800A500004406
:040509008C400044DE
:04050A00008007C4A2
:04050B00147FDD2E4E
:04050C00900B883A8E
:04050D00A809883A77
:04050E00001050C0C9
:04050F00008001B4B3
:0405100010A38804A8
:0405110010000035A1
:0405120000800074F1
:040513001093ED0450
:0405140010C00017FC
:04051500D0A0031758
:04051600D9000517EC
:040517009CC0004440
:040518001004917AC0
:04051900BDC003045A
:04051A00E7000104F1
:04051B001105883A04
:04051C00100490FA3D
:04051D0010C5883A43
:04051E0015004E1561
:04051F000080020452
:0405200098BF771EEB
:04052100DFC01A1706
:04052200DF001917C6
:04052300DDC0181708
:04052400DD80171748
:04052500DD40161788
:04052600DD001517C8
:04052700DCC0141709
:04052800DC80131749
:04052900DC40121789
:04052A00DC001117C9
:04052B00DEC01B040F
:04052C00F800283A71
:04052D00DEFFFA04EF
:04052E00D880061754
:04052F00DC80021555
:04053000DC40011595
:04053100DFC005150D
:04053200DD000415CF
:04053300DCC0031510
:04053400DC000015D2
:040535002823883AB5
:040536003825883AA2
:040537001000022688
:040538000500004476
:0405390000000106B7
:04053A002500004454
:04053B00D0E00217F3
:04053C002021883AB8
:04053D00188001170A
:04053E009080001594
:04053F001CC00217C3
:04054000000023068E
:04054100D0A002172D
:040542001885883A56
:040543001080051708
:0405440010001E1E67
:0405450000106F80B3
:0405460000C00804E5
:0405470000800174BB
:040548001082000419
:0405490010C00035A9
:04054A0001000F8419
:04054B001081000417
:04054C001100003565
:04054D0010BF0104D6
:04054E0010C00035A4
:04054F0000C0108454
:040550001081000412
:0405510010C00035A1
:0405520000800174B0
:0405530010A00204EE
:04055400100000355E
:0405550000800174AD
:040556001084000409
:04055700100000355B
:040558008C45883A0C
:0405590000C0017469
:04055A001085883A46
:04055B0010C5883A05
:04055C001100003555
:04055D0018C000378B
:04055E009080001772
:04055F0000C6303A68
:040560009884703AD1
:040561001886703A4E
:0405620090C0001530
:0405630084000044CC
:040564008405883A48
:040565008009883A47
:04056600014000440C
:040567001087883A37
:04056800853FD836BD
:040569008C45883AFB
:04056A0000C0017458
:04056B001085883A35
:04056C0010C5883AF4
:04056D0000C00EC4F8
:04056E0010C0003584
:04056F000009883ABD
:04057000000B883ABA
:0405710000106F8087
:04057200D0A00217FC
:0405730090C000171D
:0405740010800117DB
:040575001885003AAB
:04057600DFC00517C6
:04057700DD00041788
:04057800DCC00317C9
:04057900DC80021709
:04057A00DC40011749
:04057B00DC00001789
:04057C00DEC00604D3
:04057D00F800283A20
:04057E00DEFFFC049C
:04057F00DC80021505
:04058000DC40011545
:04058100DFC00315BF
:04058200DC00001584
:040583002025883A6D
:040584002823883A66
:04058500008001B43D
:0405860010A1C804F4
:040587001400003725
:040588000000060663
:04058900843FFFC4E8
:04058A00800B883A20
:04058B00001050C04C
:04058C00008001B436
:04058D0010A388042B
:04058E001000003524
:04058F009009883A0D
:040590008C3FF8366E
:04059100000006065A
:04059200840000449D
:04059300800B883A17
:04059400001050C043
:04059500008001B42D
:0405960010A3880422
:04059700100000351B
:040598009009883A04
:04059900847FF8362D
:04059A00DFC00317A4
:04059B00DC800217E7
:04059C00DC40011727
:04059D00DC00001767
:04059E00DEC00404B3
:04059F00F800283AFE
:0405A000DEFFFB047B
:0405A100DCC00315A2
:0405A200008001B420
:0405A30010A1C904D6
:0405A4002827883A42
:0405A500DFC004159A
:0405A600DC800215DE
:0405A700DC4001151E
:0405A800DC0000155E
:0405A90011400035C8
:0405AA00D4600317FF
:0405AB000140030404
:0405AC000080007457
:0405AD001093E904BA
:0405AE00148000179E
:0405AF000014F04004
:0405B0008809883AF4
:0405B10001400C04F5
:0405B2001021883A52
:0405B3000014F04000
:0405B40080A1883A60
:0405B50084A1883A5B
:0405B6008401650453
:0405B7000009883A75
:0405B80084C00015E6
:0405B900DFC0041784
:0405BA00DCC0031787
:0405BB00DC800217C7
:0405BC00DC40011707
:0405BD00DC00001747
:0405BE00DEC0050492
:0405BF0000103641B1
:0405C000DEFFF8045E
:0405C100DCC0031582
:0405C2002027883A2C
:0405C300200890FA82
:0405C40001400304EB
:0405C500DD800615BA
:0405C600DD0004153B
:0405C700DC800215BD
:0405C800DC400115FD
:0405C900DFC0071573
:0405CA00DD400515F6
:0405CB00DC0000153B
:0405CC00302D883A0C
:0405CD000014F040E6
:0405CE001023883A34
:0405CF000029883A3D
:0405D000048001B4EE
:0405D10094A20004EC
:0405D20090800037DE
:0405D300900000355F
:0405D400D120031718
:0405D5000540007469
:0405D600AD53E90434
:0405D700AC0000175D
:0405D800014060047A
:0405D9000014F040DA
:0405DA008885883A4E
:0405DB001405883A41
:0405DC001000E21514
:0405DD00A009883AAF
:0405DE000010374092
:0405DF00A50000442F
:0405E0000080020491
:0405E10094800104FD
:0405E2008C40030442
:0405E300A0BFEE1EA9
:0405E400008001B4DE
:0405E50010A2090453
:0405E60010C000370A
:0405E70010000035CB
:0405E800D4600317C1
:0405E9009809883AAB
:0405EA0001400304C5
:0405EB000014F040C8
:0405EC008809883AB8
:0405ED0001400C04B9
:0405EE00AC40001706
:0405EF001021883A15
:0405F0000014F040C3
:0405F10080A1883A23
:0405F2008461883A5E
:0405F3008001661508
:0405F4000009883A38
:0405F500001036407C
:0405F600050001B447
:0405F700A52208042D
:0405F800A0800037A8
:0405F90015A5883A82
:0405FA0090000F2638
:0405FB00008001B4C7
:0405FC0010A1C8047E
:0405FD001480003531
:0405FE00D4600317AB
:0405FF0001400604AD
:040600009809883A93
:040601000014F040B1
:040602008809883AA1
:040603000140180496
:04060400AC400017EF
:040605001021883AFE
:040606000014F040AC
:0406070080A1883A0C
:040608008461883A47
:0406090084814D1586
:04060A00A000003517
:04060B00D46003179D
:04060C009809883A87
:04060D00014006049E
:04060E000014F040A4
:04060F008809883A94
:040610000140180489
:04061100AC400017E2
:040612001021883AF1
:040613000014F0409F
:0406140080A1883AFF
:040615008461883A3A
:0406160080014E15FC
:040617000010384057
:040618009CC5883ABB
:0406190010A3883A68
:04061A008820D0BAAA
:04061B0000C001B466
:04061C0018E180045D
:04061D008405883A8E
:04061E001085883A81
:04061F0010C5883A40
:04062000108000370F
:04062100158B883A73
:040622002800052681
:040623009809883A70
:04062400001046403C
:0406250000000206C9
:04062600100000358B
:040627008400004407
:0406280088C0010481
:040629001806D0BA25
:04062A008405883A81
:04062B001085883A74
:04062C00010001B414
:04062D002121800403
:04062E001105883AF0
:04062F0080FFF6361C
:04063000D460031778
:040631009809883A62
:040632000140060479
:0406330000800074CF
:040634001093E90432
:040635001480001716
:040636000014F0407C
:040637008809883A6C
:040638000140180461
:040639001021883ACA
:04063A000014F04078
:04063B0080A1883AD8
:04063C0084A1883AD3
:04063D009809883A56
:04063E0080015015D2
:04063F00DFC00717FA
:04064000DD8006173C
:04064100DD4005177C
:04064200DD000417BC
:04064300DCC00317FD
:04064400DC8002173D
:04064500DC4001177D
:04064600DC000017BD
:04064700DEC0080405
:040648000010394124
:04064900DEFFFF04CD
:04064A00DFC00015F8
:04064B00001170002A
:04064C00008001B475
:04064D0010A388046A
:04064E001000003563
:04064F00DFC00017F1
:04065000DEC0010403
:04065100F800283A4B
:040652002105883ABC
:04065300DEFFFA04C8
:0406540000C001B42D
:0406550018E10004A4
:040656001085883A49
:04065700DD000415A9
:04065800DC4001156C
:0406590010C5883A06
:04065A002023883A97
:04065B002829883A88
:04065C00DFC00515E1
:04065D00DCC00315E5
:04065E00DC80021525
:04065F00DC000015A6
:040660001140003510
:04066100D4A0031707
:040662000140060449
:04066300008000749F
:040664001093E90402
:0406650014C00017A6
:040666000014F0404C
:040667009009883A34
:040668000140180431
:040669001021883A9A
:04066A000014F04048
:04066B0080A1883AA8
:04066C0084E1883A63
:04066D0084014C04B4
:04066E00008001B453
:04066F0010A3800450
:0406700085000015EC
:0406710014400035FC
:0406720010800804E8
:04067300100000353E
:04067400DFC00517C7
:04067500DD00041789
:04067600DCC00317CA
:04067700DC8002170A
:04067800DC4001174A
:04067900DC0000178A
:04067A00DEC00604D4
:04067B00F800283A21
:04067C00DEFFF804A1
:04067D00DD80061501
:04067E00DD40051541
:04067F00DD00041581
:04068000DCC00315C2
:04068100DFC00715BA
:04068200DC80021501
:04068300DC40011541
:04068400DC00001581
:04068500002D883A82
:04068600002B883A83
:0406870004C001B4F6
:040688009CE10004ED
:040689000029883A82
:04068A00983F8035E0
:04068B00D120031760
:04068C0004400074B2
:04068D008C53E9049D
:04068E008C000017C5
:04068F0001400C0416
:040690000014F04022
:04069100A085883A7E
:040692001405883A89
:0406930004800204D9
:0406940010014115FB
:040695009C80003510
:04069600D120031755
:040697008C000017BC
:040698000140180401
:040699000014F04019
:04069A00A885883A6D
:04069B001405883A80
:04069C0014814C1564
:04069D00B5800044E0
:04069E0000800104D3
:04069F00A5000304AB
:0406A0009CC00104F5
:0406A100AD4006045E
:0406A200B0BFE71EE0
:0406A30000803FC4D0
:0406A40000C001B4DD
:0406A50018E38004D2
:0406A6001880003583
:0406A70018C0010472
:0406A8001880003581
:0406A900B00F883ACC
:0406AA000007883A83
:0406AB00018001B415
:0406AC0031A0000475
:0406AD00014001B453
:0406AE002963820436
:0406AF00010001B491
:0406B000212383047B
:0406B10030C0003520
:0406B2002880003567
:0406B300208000356E
:0406B40018C0004426
:0406B50019FFFB1E10
:0406B600008001B40B
:0406B70010A3880400
:0406B80010000035F9
:0406B9000005883A76
:0406BA000140017486
:0406BB0029600004AE
:0406BC0001003FC436
:0406BD0000C0030472
:0406BE0029000035DA
:0406BF001080004463
:0406C00010FFFD1E0C
:0406C1000080017440
:0406C20010A002047E
:0406C30010000035EE
:0406C400D0A00117AA
:0406C50000C002046B
:0406C60010C001154A
:0406C700008001743A
:0406C80010B000046A
:0406C90010C0003528
:0406CA00DFC007176F
:0406CB00DD800617B1
:0406CC00DD400517F1
:0406CD00DD00041731
:0406CE00DCC0031772
:0406CF00DC800217B2
:0406D000DC400117F2
:0406D100DC00001732
:0406D200DEC008047A
:0406D300F800283AC9
:0406D400200890FA70
:0406D500DEFFFA0446
:0406D60001400304D8
:0406D700DD00041529
:0406D800DCC003156A
:0406D900DC800215AA
:0406DA00DC400115EA
:0406DB00DFC0051562
:0406DC00DC00001529
:0406DD003029883AFE
:0406DE000014F040D4
:0406DF001023883A22
:0406E0000025883A2F
:0406E10004C001B49C
:0406E2009CE1C004D3
:0406E3009D00003541
:0406E400D120031707
:0406E500008000741D
:0406E6001093E90480
:0406E70014000017E4
:0406E8000140600469
:0406E9000014F040C9
:0406EA008885883A3D
:0406EB001405883A30
:0406EC001500E115FF
:0406ED009009883AAE
:0406EE000010374081
:0406EF0094800044AF
:0406F0000080020480
:0406F1009CC00104A4
:0406F2008C40030431
:0406F30090BFEF1EA7
:0406F400DFC0051747
:0406F500DD00041709
:0406F600DCC003174A
:0406F700DC8002178A
:0406F800DC400117CA
:0406F900DC0000170A
:0406FA00DEC0060454
:0406FB00F800283AA1
:0406FC00DEFFDB043E
:0406FD00DD80211566
:0406FE00DC801D156A
:0406FF00DFC024151F
:04070000DF002315DE
:04070100DDC0221520
:04070200DD402015A1
:04070300DD001F15E1
:04070400DCC01E1522
:04070500DC401C15A3
:04070600DC001B15E3
:04070700D9001A15E6
:04070800282D883AD6
:040709003025883AD5
:04070A00008001B4B6
:04070B0010A1C8046D
:04070C001080003722
:04070D000009883A1D
:04070E00D880191561
:04070F00D9C00B043E
:040710000140080498
:04071100D980030484
:040712003905883AE3
:040713003107883AE8
:0407140021000104BB
:04071500114000157A
:040716001940001571
:04071700217FFA1E26
:040718000021883AFA
:040719000023883AF7
:04071A00B009883A60
:04071B00900B883A7D
:04071C00800D883A8A
:04071D000011B50012
:04071E00008001B4A2
:04071F0010A3880497
:040720001000003590
:04072100D9001A17CA
:04072200D880020475
:04072300B00B883A55
:04072400000D883A02
:04072500000F883AFF
:04072600D880001562
:04072700D8000115E0
:0407280000109AC063
:04072900D8C002171B
:04072A0088E2B03A77
:04072B001000031E99
:04072C00D0A0021740
:04072D00108003171E
:04072E008880152684
:04072F00D9000B04DE
:04073000D9400304A5
:0407310002000804B6
:04073200040C303A49
:04073300D9C0130412
:040734001880004CDD
:040735001005003A71
:040736001000021E8F
:040737002400001585
:0407380000000306B4
:040739002080001705
:04073A001200011E8A
:04073B0029800015FC
:04073C002100010493
:04073D001806D07A50
:04073E002940010449
:04073F0021FFF41E84
:0407400084000044ED
:040741000080080428
:04074200D8C0021504
:0407430080BFD61E7F
:04074400B009883A36
:04074500900B883A53
:04074600000D883AE0
:040747000011B500E8
:0407480000C001C428
:04074900D8C01515EA
:04074A000023883AC6
:04074B00D9001517A5
:04074C00D94002048A
:04074D002105883AC0
:04074E001085883A50
:04074F001149883A8A
:0407500020C00917A5
:040751000080080418
:040752008C4B883A0A
:040753001880041EE8
:0407540020800117E9
:0407550010C1762633
:0407560020C00115A9
:040757000001740623
:040758002C400054DD
:04075900D880151718
:04075A001000021E6B
:04075B000021883AB7
:04075C00000045064E
:04075D00D8C01517D4
:04075E0018FFFFC4BD
:04075F00D8C01515D4
:04076000003FEA0666
:04076100D88019170C
:04076200B009883A18
:04076300140B883AB1
:04076400001050C071
:04076500008001B45B
:0407660010A3880450
:040767001000003549
:04076800D9001A1783
:04076900D8C00204EE
:04076A00B00B883A0E
:04076B00000D883ABB
:04076C00000F883AB8
:04076D00D8C00015DB
:04076E00D800011599
:04076F0000109AC01C
:04077000D900021793
:040771008922B03AEF
:040772001000121E43
:04077300D0A00217F9
:0407740010800317D7
:0407750088800F1E4B
:040776008000301EB1
:04077700D9400B0456
:04077800D90003049D
:04077900020008046E
:04077A0001FFFFC4B8
:04077B00280D883A83
:04077C0020C0001782
:04077D001A00031E3D
:04077E0028800017B8
:04077F0010C001267F
:0407800021C000157F
:04078100210001044E
:040782002940010405
:040783002180232688
:04078400003FF70635
:04078500D9800B0408
:04078600D94003044F
:040787008011003AA3
:0407880002800804DF
:04078900040E303AF0
:04078A00027FFFC427
:04078B003017883A61
:04078C002080004C7D
:04078D001005003A19
:04078E001000021E37
:04078F002C00001525
:0407900000000B0654
:0407910028C0001765
:040792004000031E02
:040793001A80081EA2
:0407940031C000155B
:040795000000060654
:040796001A80051EA2
:040797003080001797
:0407980010C0022665
:040799002A400015DD
:04079A000000010654
:04079B0032400015D3
:04079C0029400104EB
:04079D002008D07AE6
:04079E0031800104A1
:04079F002AFFEC1E23
:0407A000D900021565
:0407A100840000448C
:0407A200D90019174A
:0407A300008007C407
:0407A4001105C83A39
:0407A500D8801315D0
:0407A600143FBA0E34
:0407A700D0A00317C4
:0407A800B00890FA0B
:0407A90000C0007418
:0407AA0018D3E90473
:0407AB001004917A2B
:0407AC0018C000175A
:0407AD00000D883A79
:0407AE001105883A6F
:0407AF00100490FAA8
:0407B000DA400B041C
:0407B100DA00030463
:0407B20010CB883AA6
:0407B30001C0080475
:0407B4004985883AB1
:0407B5001080001799
:0407B6004187883AB5
:0407B7003180010488
:0407B8002880581528
:0407B900188000178D
:0407BA002880591525
:0407BB0029400204CB
:0407BC0031FFF71EF4
:0407BD00000F883A67
:0407BE00000D883A68
:0407BF00D8800B04CF
:0407C0001185883ADD
:0407C100108000178D
:0407C200D8C0030494
:0407C30001400804E5
:0407C4001987883ACF
:0407C500318001047A
:0407C60011400226B6
:0407C700188000177F
:0407C8001140051EB9
:0407C90091C9883A10
:0407CA0001400104E5
:0407CB000180004465
:0407CC000010058094
:0407CD000000FC0626
:0407CE0039C00044EA
:0407CF0000800204A0
:0407D00038BFEE1E22
:0407D100D8C00B176A
:0407D200D8800317B1
:0407D3003815883A13
:0407D4000013883A4C
:0407D50001C000441B
:0407D600188BC83A7A
:0407D700DA000C0434
:0407D800D9800404BC
:0407D90040C0001705
:0407DA003080001754
:0407DB0042000104D3
:0407DC003180010463
:0407DD001887C83A77
:0407DE001940020EAE
:0407DF00180B883A31
:0407E0003813883A08
:0407E10039C00044D7
:0407E2003ABFF61E06
:0407E3000140010EC2
:0407E4002940004464
:0407E5004A45883ABF
:0407E600D8C0020471
:0407E7001085883AB7
:0407E80010C5883A76
:0407E9002806D7FA0D
:0407EA001180011762
:0407EB00108009175A
:0407EC001947883AE7
:0407ED001807D07A9F
:0407EE0001400804BA
:0407EF00D9401615C2
:0407F0001185C83A6D
:0407F10001400304BC
:0407F200D88018157E
:0407F300D8C0141541
:0407F4000014F040BD
:0407F5001029883A05
:0407F600D88016177A
:0407F700002B883A11
:0407F80004C001B484
:0407F9009CE1C004BB
:0407FA00D880171577
:0407FB00D8C00B0453
:0407FC00D88003049A
:0407FD001D47883AD2
:0407FE001545883ADB
:0407FF0015C000170A
:040800001F000017BE
:04080100D9001817EB
:04080200D9401417AE
:04080300E5C7C83A43
:040804001907C83ACE
:040805001804D7FA02
:0408060010C5883A57
:040807001005D07A8E
:040808001165883AB4
:04080900988000379C
:04080A0000C007C45F
:04080B009085883A12
:04080C001880030E3F
:04080D009880003798
:04080E0018A5C83A27
:04080F0000000506DA
:040810009880003795
:040811009085883A0C
:040812001000020EC2
:040813009880003792
:0408140000A5C83A39
:040815009C0000370C
:0408160084A1883AF7
:040817009C0000350C
:04081800D1200317D1
:0408190000800074E7
:04081A001093E9044A
:04081B00144000176E
:04081C000140600433
:04081D000014F04093
:04081E00D9001517D1
:04081F00A085883AEE
:040820001445883AB9
:040821001400E115C9
:0408220020800044EE
:04082300D88015154F
:040824000010374049
:04082500D9001717C8
:04082600E485C83A63
:04082700BC87883AC8
:040828009CC001046B
:04082900A50003041F
:04082A00AD400104D8
:04082B001100010EA9
:04082C00D880171544
:04082D00D940161781
:04082E001940010E5E
:04082F00D8C0161502
:04083000D8C0151700
:04083100008002043D
:0408320018BFC81E05
:04083300D940191778
:04083400B009883A45
:04083500001050C09F
:04083600008001B489
:0408370010A388047E
:040838001000003577
:0408390005000804AA
:04083A00A025883A33
:04083B00A039883A1E
:04083C000027883ACF
:04083D00047FF844F8
:04083E00B009883A3B
:04083F00044BC83A64
:04084000001168003B
:04084100008001B47E
:0408420010A3880473
:04084300100000356C
:04084400D9001A17A6
:0408450001800044EA
:04084600D880020450
:04084700B00B883A30
:04084800300F883AAB
:04084900D88000153E
:04084A00D8000115BC
:04084B0000109AC03F
:04084C001000031E77
:04084D000480080417
:04084E009021883A33
:04084F0000000A0695
:040850000080080418
:040851008821883A38
:040852009080011E73
:040853008825883A32
:040854008485C83A95
:0408550010800044CB
:040856009880030E75
:040857001027883AA4
:040858009029883A21
:040859008039883A20
:04085A008C4000448A
:04085B0000800044D5
:04085C0088BFE11E52
:04085D00B009883A1C
:04085E00000B883AC9
:04085F00001168001C
:0408600080000126ED
:040861000480080403
:04086200DC4013174C
:040863000021883AAE
:0408640000001C066E
:04086500001050C06F
:04086600008001B459
:0408670010A388044E
:040868001000003547
:04086900D9001A1781
:04086A0001800044C5
:04086B00D8C00204EB
:04086C00B00B883A0B
:04086D00300F883A86
:04086E00D8C00015D9
:04086F00D800011597
:0408700000109AC01A
:0408710098FFFFC429
:0408720010000A2642
:0408730000800804F5
:040874009080011E51
:040875008025883A18
:040876008485C83A73
:0408770010800044A9
:040878009880060E50
:040879001027883A82
:04087A009029883AFF
:04087B008039883AFE
:04087C000000020670
:04087D0004800804E7
:04087E0088C0071611
:04087F0084000044AD
:040880008C7FFFC4A6
:04088100D8801917EB
:04088200D8C01317B0
:04088300B009883AF6
:04088400140B883A8F
:040885001C3FDF0E27
:04088600D940191725
:04088700B009883AF2
:040888000521C83A44
:04088900001050C04B
:04088A008707C83ADA
:04088B001804D7FA7C
:04088C0010C5883AD1
:04088D00100BD07A02
:04088E002800010E2F
:04088F00000B883A98
:040890009800021EAC
:0408910005FFFFC49C
:04089200000001065B
:04089300816FC83A6F
:04089400B009883AE5
:0408950000116800E6
:04089600054001B464
:04089700AD638804C1
:04089800A80000357F
:04089900D4A00317CD
:04089A000080007466
:04089B001093E904C9
:04089C00150000172C
:04089D0094A3883A5E
:04089E008C63883AA5
:04089F008DA3883A63
:0408A000880490FA3E
:0408A100DC000B1557
:0408A200D0E001178A
:0408A3001505883A75
:0408A400140098158F
:0408A500DF00031558
:0408A6001700991589
:0408A700D900171746
:0408A800D940161706
:0408A9001880071795
:0408AA008822913AD5
:0408AB002167883AFF
:0408AC0014C5883AAD
:0408AD00B009883ACC
:0408AE001880071592
:0408AF0001400504FB
:0408B0000014F04000
:0408B1009009883AE8
:0408B20001401404E9
:0408B3001021883A4E
:0408B4000014F040FC
:0408B50080A1883A5C
:0408B600D8801617B9
:0408B7008521883AD5
:0408B800D900171735
:0408B9008080CD1559
:0408BA000080007446
:0408BB001093EB04A7
:0408BC0010C0001751
:0408BD008100CC15D5
:0408BE0085C0CE150E
:0408BF00188008177E
:0408C0008D23883AC2
:0408C10014C5883A98
:0408C200188008157D
:0408C3008CC00B15C5
:0408C400A800003553
:0408C50020000416F5
:0408C600D9401617E8
:0408C70028000216ED
:0408C800B804403AF6
:0408C9000000040621
:0408CA000005883A63
:0408CB000000020621
:0408CC008C63883A77
:0408CD00003E8B0658
:0408CE00DFC024174C
:0408CF00DF0023170C
:0408D000DDC022174E
:0408D100DD8021178E
:0408D200DD402017CE
:0408D300DD001F170E
:0408D400DCC01E174F
:0408D500DC801D178F
:0408D600DC401C17CF
:0408D700DC001B170F
:0408D800DEC0250455
:0408D900F800283AC1
:0408DA00DEFFFD043C
:0408DB00DC400115E7
:0408DC00DC00001527
:0408DD003023883A02
:0408DE002021883A13
:0408DF00DFC002155F
:0408E0000011B5004E
:0408E1008009883AC8
:0408E200880B883ABD
:0408E3000011680098
:0408E4008009883AC5
:0408E500880B883ABA
:0408E600DFC0021756
:0408E700DC400117D9
:0408E800DC00001719
:0408E900DEC0030466
:0408EA00001050C1E9
:0408EB00DEFFFF0429
:0408EC00DFC0001554
:0408ED00001236803F
:0408EE00008001B4D1
:0408EF0010A38804C6
:0408F00010000035BF
:0408F100DFC000174D
:0408F200DEC001045F
:0408F300F800283AA7
:0408F400200890FA4E
:0408F500DEFFFA0424
:0408F60001400304B6
:0408F700DD00041507
:0408F800DCC0031548
:0408F900DC80021588
:0408FA00DC400115C8
:0408FB00DFC0051540
:0408FC00DC00001507
:0408FD003029883ADC
:0408FE000014F040B2
:0408FF001023883A00
:040900000025883A0C
:0409010004C001B479
:040902009CE200046F
:040903009D0000351E
:04090400D1200317E4
:0409050000800074FA
:040906001093E9045D
:0409070014000017C1
:040908000140600446
:040909000014F040A6
:04090A008885883A1A
:04090B001405883A0D
:04090C001500E215DB
:04090D009009883A8B
:04090E00001037405E
:04090F00948000448C
:04091000008002045D
:040911009CC0010481
:040912008C4003040E
:0409130090BFEF1E84
:04091400DFC0051724
:04091500DD000417E6
:04091600DCC0031727
:04091700DC80021767
:04091800DC400117A7
:04091900DC000017E7
:04091A00DEC0060431
:04091B00F800283A7E
:04091C00DEFFF704FF
:04091D00DD4005159F
:04091E00202B883AC8
:04091F00200890FA22
:04092000014003048B
:04092100DDC0071519
:04092200DD80061559
:04092300DC8002155D
:04092400DC4001159D
:04092500DFC0081512
:04092600DD000415D7
:04092700DCC0031518
:04092800DC000015DA
:04092900302F883AA9
:04092A000014F04085
:04092B001023883AD3
:04092C00002D883AD8
:04092D00048001B48D
:04092E0094A240044B
:04092F00903F803540
:04093000D1200317B8
:0409310004C000748A
:040932009CD3E90465
:040933009C0000170D
:04093400014060041A
:040935000014F0407A
:040936008885883AEE
:040937001405883AE1
:040938001000E115B5
:04093900903FC035F6
:04093A00D1200317AE
:04093B009C00001705
:04093C000140600412
:04093D000014F04072
:04093E008885883AE6
:04093F001405883AD9
:04094000B828C03AD9
:040941001000E215AB
:04094200A000081EEB
:0409430090000035EB
:04094400D1200317A4
:040945009C000017FB
:040946000140600408
:040947000014F04068
:040948008885883ADC
:040949001405883ACF
:04094A001000E015A4
:04094B00B58000442F
:04094C000080020421
:04094D008C400304D3
:04094E00948001048C
:04094F00B0BFDF1E38
:0409500005803FC41B
:04095100008001B46D
:0409520010A3820468
:0409530015800035D6
:040954009C8000176C
:04095500D460031750
:04095600A000221EBD
:0409570010BEC70403
:040958001000003556
:04095900A809883A27
:04095A000140030451
:04095B000014F04054
:04095C008809883A44
:04095D0001400C0445
:04095E001021883AA2
:04095F000014F04050
:0409600080A1883AB0
:0409610084A1883AAB
:04096200008001B45C
:0409630010A1C90412
:040964008001641595
:040965001000003549
:0409660010804004B9
:040967008001651591
:040968001000003546
:0409690010817A047B
:04096A00800166158D
:04096B0015800035BE
:04096C0010BEC504F0
:04096D001000003541
:04096E00014006043A
:04096F00A809883A11
:040970000014F0403F
:040971008809883A2F
:040972000140180424
:040973001021883A8D
:040974000014F0403B
:0409750080A1883A9B
:0409760084A1883A96
:040977008001511595
:040978000000130662
:04097900008001B445
:04097A0010A1C904FB
:04097B001000003533
:04097C00A809883A04
:04097D00014003042E
:04097E000014F04031
:04097F008809883A21
:0409800001400C0422
:040981001021883A7F
:040982000014F0402D
:0409830080A1883A8D
:0409840084A1883A88
:04098500008001B439
:0409860010A20904AE
:040987008001651571
:040988001000003526
:0409890010817A045B
:04098A00800166156D
:04098B00158000359E
:04098C0004C001049E
:04098D00008001B431
:04098E0010A1C804E8
:04098F0014C000355B
:04099000D460031715
:04099100A809883AEF
:040992000140060416
:04099300008000746C
:040994001093E904CF
:0409950014800017B3
:040996000014F04019
:040997008809883A09
:0409980001401804FE
:040999001021883A67
:04099A000014F04015
:04099B0080A1883A75
:04099C0084A1883A70
:04099D00008001B421
:04099E0010A381041D
:04099F0084C14D15AD
:0409A000100000350E
:0409A10010800704B7
:0409A200100000350C
:0409A300DFC0081792
:0409A400DDC0071794
:0409A500DD800617D4
:0409A600DD40051714
:0409A700DD00041754
:0409A800DCC0031795
:0409A900DC800217D5
:0409AA00DC40011715
:0409AB00DC00001755
:0409AC00DEC009049C
:0409AD00F800283AEC
:0409AE00DEFFF9046B
:0409AF00DD4005150D
:0409B000DD0004154D
:0409B100DCC003158E
:0409B200DFC0061587
:0409B300DC800215CD
:0409B400DC4001150D
:0409B500DC0000154D
:0409B600002B883A50
:0409B700050001B482
:0409B800A520C004B2
:0409B9000027883A51
:0409BA0004800104B0
:0409BB00A4BF803520
:0409BC00D12003172C
:0409BD00044000747E
:0409BE008C53E90469
:0409BF008C00001791
:0409C00001400C04E2
:0409C1000014F040EE
:0409C2009885883A52
:0409C3001405883A55
:0409C4001481401545
:0409C500A03FC0355A
:0409C600D120031722
:0409C7008C00001789
:0409C80001400C04DA
:0409C9000014F040E6
:0409CA009885883A4A
:0409CB001405883A4D
:0409CC0010014115C0
:0409CD00A000003551
:0409CE00D12003171A
:0409CF008C00001781
:0409D00001400C04D2
:0409D1000014F040DE
:0409D2009885883A42
:0409D3001405883A45
:0409D400AD400044EE
:0409D50010014215B6
:0409D6009CC00304BA
:0409D700A4A9883A0D
:0409D800ACBFE11EB1
:0409D9000023883A35
:0409DA000027883A30
:0409DB00048001B4DF
:0409DC0094A10004DE
:0409DD009000003551
:0409DE00D12003170A
:0409DF000080007420
:0409E0001093E90483
:0409E10014000017E7
:0409E20001401804B4
:0409E3000014F040CC
:0409E4009885883A30
:0409E5001405883A33
:0409E6000400010404
:0409E7008809883AB9
:0409E80010014C1599
:0409E900800B883ABD
:0409EA008C400044F9
:0409EB000010464072
:0409EC009425883A8C
:0409ED009CC00604A0
:0409EE008C3FEE1E2E
:0409EF0000803FC481
:0409F00000C001B48E
:0409F10018E3800483
:0409F2001880003534
:0409F300008001B4CB
:0409F40010A38804C0
:0409F50010000035B9
:0409F600DFC0061741
:0409F700DD400517C3
:0409F800DD00041703
:0409F900DCC0031744
:0409FA00DC80021784
:0409FB00DC400117C4
:0409FC00DC00001704
:0409FD00DEC007044D
:0409FE00F800283A9B
:0409FF00D0A002176B
:040A0000DEFFF90418
:040A0100DCC005153B
:040A02001080061743
:040A0300DC8004157A
:040A0400DC400315BA
:040A0500DC000215FA
:040A0600DFC0061532
:040A07002827883ADA
:040A08003025883AD3
:040A09000023883A04
:040A0A000011883A15
:040A0B0000A0303ADD
:040A0C008080004C9A
:040A0D0000C00044E1
:040A0E001005003A95
:040A0F00880B883A8E
:040A10008020D07AF8
:040A11008C400044D1
:040A12000009883A15
:040A1300900D883A80
:040A1400180F883AF5
:040A15001000041EAB
:040A1600DCC000152B
:040A1700D8C001152D
:040A180000109AC070
:040A19001011883AF6
:040A1A000080010453
:040A1B0088BFF01E82
:040A1C004005883ACF
:040A1D00DFC0061719
:040A1E00DCC005171C
:040A1F00DC8004175C
:040A2000DC4003179C
:040A2100DC000217DC
:040A2200DEC0070427
:040A2300F800283A75
:040A2400200890FA1C
:040A2500DEFFF904F3
:040A2600DC4001159A
:040A27002149883A9F
:040A28002823883ABD
:040A29000140030481
:040A2A00DD40051591
:040A2B00DD000415D1
:040A2C00DCC0031512
:040A2D00DC80021552
:040A2E00DFC006150A
:040A2F00DC000015D2
:040A3000302B883AA5
:040A31000014F0407D
:040A32001027883AC7
:040A33008C45883A2C
:040A34001085883A67
:040A350000C001B448
:040A360018E240047E
:040A370010E5883A04
:040A38000029883ACF
:040A390095400035AF
:040A3A00D1200317AD
:040A3B0000800074C3
:040A3C001093E90426
:040A3D00140000178A
:040A3E00014060040F
:040A3F000014F0406F
:040A40009885883AD3
:040A41001405883AD6
:040A42001540E01566
:040A43008809883A5C
:040A44000010374027
:040A4500A5000044C4
:040A46000080020426
:040A47008C4000449B
:040A48009480010491
:040A49009CC0030446
:040A4A00A0BFEE1E3D
:040A4B00DFC00617EB
:040A4C00DD4005176D
:040A4D00DD000417AD
:040A4E00DCC00317EE
:040A4F00DC8002172E
:040A5000DC4001176E
:040A5100DC000017AE
:040A5200DEC00704F7
:040A5300F800283A45
:040A54003185883A26
:040A550000C001B428
:040A560018E0400460
:040A57001085883A44
:040A5800DEFFD504E4
:040A590010C5883A02
:040A5A00DF0029157B
:040A5B00DDC02815BD
:040A5C00DD802715FD
:040A5D00DFC02A15B7
:040A5E00DD4026153C
:040A5F00DD0025157C
:040A6000DCC02415BD
:040A6100DC802315FD
:040A6200DC4022153D
:040A6300DC0021157D
:040A6400302F883A6D
:040A6500D8801E1502
:040A6600202D883A7D
:040A6700D9401F153E
:040A68003839883A57
:040A690010800037C2
:040A6A000009883ABD
:040A6B00D8801D15FD
:040A6C00D9C00C04DD
:040A6D000140080438
:040A6E00D980040423
:040A6F003905883A83
:040A70003107883A88
:040A7100210001045B
:040A7200114000151A
:040A73001940001511
:040A7400217FFA1EC6
:040A7500D8C01F17AF
:040A76000021883A99
:040A77000023883A96
:040A780018C5883ADB
:040A79001085883A22
:040A7A001004D0BADA
:040A7B00B885C83A38
:040A7C00100490FAD8
:040A7D00D8801C15EC
:040A7E00D9001F1765
:040A7F00E00B883AC6
:040A8000800D883A23
:040A810000128900D6
:040A8200008001B43B
:040A830010A3880430
:040A84001000003529
:040A8500D9002B1752
:040A860020000A261C
:040A8700DA0003048A
:040A8800B009883AEF
:040A8900B80B883AE4
:040A8A00018001C422
:040A8B00000F883A96
:040A8C00DA00001577
:040A8D00D800011577
:040A8E00D800021575
:040A8F000010CF8004
:040A900000000C0650
:040A9100D9401F1712
:040A9200D880030401
:040A9300B009883AE4
:040A9400000D883A8F
:040A9500000F883A8C
:040A9600D8800015EF
:040A9700D80001156D
:040A980000109AC0F0
:040A9900D8800317E7
:040A9A00D8C01C178D
:040A9B0010C4D83A71
:040A9C00D8800315E6
:040A9D00D8C00317A3
:040A9E001005003A05
:040A9F001005003A04
:040AA00088E2B03AFE
:040AA1001000031E20
:040AA200D0A00217C7
:040AA30010800117A7
:040AA400888015260B
:040AA500D9000C0464
:040AA600D94004042B
:040AA700020008043D
:040AA800040C303AD0
:040AA900D9C0140498
:040AAA001880004C64
:040AAB001005003AF8
:040AAC001000021E16
:040AAD00240000150C
:040AAE00000003063B
:040AAF00208000178C
:040AB0001200011E11
:040AB1002980001583
:040AB200210001041A
:040AB3001806D07AD7
:040AB40029400104D0
:040AB50021FFF41E0B
:040AB6008400004474
:040AB70000800804AF
:040AB800D8C003158A
:040AB90080BFC41E18
:040ABA00D9001F1729
:040ABB00E00B883A8A
:040ABC00000D883A67
:040ABD00001289009A
:040ABE00010001C46E
:040ABF00D900141531
:040AC0000027883A49
:040AC100D9401417ED
:040AC200D9800304D0
:040AC3000100080422
:040AC4002945883AFE
:040AC5001085883AD6
:040AC6001187883AD2
:040AC7001880091773
:040AC8001100041EF7
:040AC9001880011779
:040ACA00110174267C
:040ACB0019000115F8
:040ACC0000017206AD
:040ACD001880011775
:040ACE009CE7883ADF
:040ACF0011000126EB
:040AD0009CC0005472
:040AD100DA0014171C
:040AD2004000071EBB
:040AD300D8C01D1753
:040AD400008007C4D3
:040AD500002B883A30
:040AD60010C5C83A45
:040AD7001829883A18
:040AD800D8801B1592
:040AD900000004060F
:040ADA00D900141714
:040ADB00213FFFC4F4
:040ADC00D900141514
:040ADD00003FE306ED
:040ADE00D9401E17C6
:040ADF002D000035B1
:040AE000D4600317C4
:040AE100B809883A8E
:040AE20001400304C8
:040AE300008000741B
:040AE4001093E9047E
:040AE5001480001762
:040AE6000014F040C8
:040AE7008809883AB8
:040AE80001400C04B9
:040AE9001021883A16
:040AEA000014F040C4
:040AEB0080A1883A24
:040AEC0084A1883A1F
:040AED00850140152A
:040AEE00B809883A81
:040AEF0000103C4077
:040AF000008001B4CD
:040AF10010A38804C2
:040AF20010000035BB
:040AF300D9802B1764
:040AF40030000A269E
:040AF500DA0003041C
:040AF600B009883A81
:040AF700B80B883A76
:040AF800018001C4B4
:040AF900000F883A28
:040AFA00DA00001509
:040AFB00D800011509
:040AFC00D800021507
:040AFD000010CF8096
:040AFE0000000C06E2
:040AFF00D9401F17A4
:040B0000D880030492
:040B0100B009883A75
:040B0200000D883A20
:040B0300000F883A1D
:040B0400D880001580
:040B0500D8000115FE
:040B060000109AC081
:040B0700D880031778
:040B0800D8C01C171E
:040B090010C4D83A02
:040B0A00D880031577
:040B0B00D9000317F3
:040B0C001005003A96
:040B0D001005003A95
:040B0E009926B03A3A
:040B0F001000031EB1
:040B1000D0A0021758
:040B11001080011738
:040B12009880202681
:040B1300D9800C0475
:040B1400D9400404BC
:040B1500A811003AE9
:040B1600028008044D
:040B1700054E303A1D
:040B1800027FFFC495
:040B19003017883ACF
:040B1A002080004CEB
:040B1B001005003A87
:040B1C001000021EA5
:040B1D002D40001552
:040B1E0000000B06C2
:040B1F0028C00017D3
:040B20004000031E70
:040B21001A80081E10
:040B220031C00015C9
:040B230000000606C2
:040B24001A80051E10
:040B25003080001705
:040B260010C00226D3
:040B27002A4000154B
:040B280000000106C2
:040B29003240001541
:040B2A002940010459
:040B2B002008D07A54
:040B2C00318001040F
:040B2D002AFFEC1E91
:040B2E00D9000315D2
:040B2F00D9001B17B7
:040B3000AD40004490
:040B3100A5000044D7
:040B3200257FAB2E42
:040B3300D0A0031734
:040B3400B82890FA53
:040B350000C0007488
:040B360018D3E904E3
:040B37001004917A9B
:040B380018C00017CA
:040B3900000B883AEB
:040B3A001505883ADB
:040B3B00100490FA18
:040B3C00DA000C04CB
:040B3D00D9C0040413
:040B3E0010C9883A18
:040B3F000180080425
:040B40004145883A69
:040B41001080001709
:040B42003947883A6D
:040B43002940010440
:040B440020801815E0
:040B450018800017FD
:040B460020801915DD
:040B47002100020483
:040B480029BFF71EAC
:040B49000027883ABF
:040B4A00000B883ADA
:040B4B00D8800C043E
:040B4C001145883A8D
:040B4D0010800017FD
:040B4E00D8C0040403
:040B4F000100080495
:040B50001947883A7F
:040B51002940010432
:040B52001100022666
:040B530018800017EF
:040B54001100201E4E
:040B5500D9401D174F
:040B5600D9801E170D
:040B570031400035F4
:040B5800D46003174B
:040B5900B809883A15
:040B5A00014003044F
:040B5B0000800074A2
:040B5C001093E90405
:040B5D0014800017E9
:040B5E000014F0404F
:040B5F008809883A3F
:040B600001400C0440
:040B61001021883A9D
:040B62000014F0404B
:040B6300DA001D1780
:040B640080A1883AAA
:040B650084A1883AA5
:040B660082014015B3
:040B6700B809883A07
:040B680000103C40FD
:040B6900008001B453
:040B6A0010A3880448
:040B6B001000003541
:040B6C00D8802B17EB
:040B6D00A4C9883A55
:040B6E00100002264B
:040B6F0001400044FD
:040B7000000001067A
:040B710001400244F9
:040B7200018000C43A
:040B730000100580E9
:040B74000000C506B2
:040B75009CC00044DC
:040B760000800204F5
:040B770098BFD31E32
:040B7800D8C00C17BE
:040B7900D880041705
:040B7A009809883A14
:040B7B0001C0004471
:040B7C00188BC83AD0
:040B7D000013883A9F
:040B7E00DA000D0488
:040B7F00D980050410
:040B800040C000175A
:040B810030800017A9
:040B82004200010428
:040B830031800104B8
:040B84001887C83ACC
:040B85001940020E03
:040B8600180B883A86
:040B87003813883A5D
:040B880039C000442C
:040B8900393FF61EDC
:040B8A000140010E17
:040B8B0029400044B9
:040B8C002804D7FA68
:040B8D00D8C01D1798
:040B8E001145883A4B
:040B8F001005D07A03
:040B9000D8801515DF
:040B91001885C83AC1
:040B92001000010E40
:040B93000005883A97
:040B9400100F883A7C
:040B9500008007C411
:040B960011C0010E7B
:040B9700100F883A79
:040B98004A45883A08
:040B9900D900030478
:040B9A001085883A00
:040B9B001105883A7E
:040B9C0011800117AC
:040B9D00D9401F1705
:040B9E0010C0091763
:040B9F00E705883AA4
:040BA000280890FA97
:040BA1001987C83AAE
:040BA200D8C01A1588
:040BA300D8C01D1782
:040BA4001085883AF6
:040BA5002709883A5A
:040BA600040001B492
:040BA7008422400460
:040BA800020008043B
:040BA9000140030400
:040BAA00DA00181540
:040BAB0019EBC83A40
:040BAC001427883A48
:040BAD000014F04000
:040BAE00D90018173B
:040BAF00E029883A77
:040BB000102D883A42
:040BB100DC0020152F
:040BB200D900191538
:040BB300D80017153A
:040BB400D9401717F6
:040BB500D8C00C0494
:040BB600D8800404DB
:040BB7001145883A22
:040BB8001947883A17
:040BB90018C0001749
:040BBA001700001709
:040BBB00DA001A172B
:040BBC00D8C0161572
:040BBD001F07C83A0C
:040BBE001A07C83A10
:040BBF001804D7FA45
:040BC000D9801517AC
:040BC10010C5883A99
:040BC2001005D07AD0
:040BC3003549C83AAE
:040BC4001125883A35
:040BC50098800037DD
:040BC60000C007C4A0
:040BC7009085883A53
:040BC8001880040E7F
:040BC900D900201718
:040BCA002080003750
:040BCB0018A5C83A67
:040BCC00000005061A
:040BCD0098800037D5
:040BCE009085883A4C
:040BCF001000020E02
:040BD00098800037D2
:040BD10000A5C83A79
:040BD2009C0000374C
:040BD30084A1883A37
:040BD4009C0000354C
:040BD500D120031711
:040BD6000140007466
:040BD7002953E904B1
:040BD8002C40001796
:040BD9000140600473
:040BDA000014F040D3
:040BDB00B085883A1F
:040BDC001445883AFA
:040BDD00A009883AA9
:040BDE001400E0150A
:040BDF00001037408B
:040BE000D98016178B
:040BE100DA0014170B
:040BE200D900191706
:040BE3003485C83A53
:040BE400E487883AE0
:040BE5004200004486
:040BE6001545C83AAF
:040BE700A500004421
:040BE8009CC00104A8
:040BE9001D47883AE2
:040BEA00DA00141504
:040BEB001100010EE6
:040BEC00D88019157F
:040BED00D9401817BC
:040BEE001940010E9B
:040BEF00D8C018153D
:040BF000D980201771
:040BF100DA001717F8
:040BF200D8C014173C
:040BF3003180010448
:040BF40042000104B6
:040BF5000080020476
:040BF600D98020156D
:040BF700DA001715F4
:040BF800B5800304BD
:040BF90018BFBA1E49
:040BFA00D9001D17EA
:040BFB00D9401E17A8
:040BFC002563C83A6B
:040BFD002C40003553
:040BFE0001400304AB
:040BFF00D4200317E4
:040C0000B809883A6D
:040C01000014F040AB
:040C020001800074F9
:040C03003193E9043C
:040C04008009883AA1
:040C050001400C049A
:040C0600340000179F
:040C07001025883AF2
:040C08000014F040A4
:040C09009085883A10
:040C0A001405883A0B
:040C0B00144140153B
:040C0C00B809883A61
:040C0D0000103C4057
:040C0E00D8802C1747
:040C0F0010001A2691
:040C1000D1A0011757
:040C110000800074EB
:040C12001093EB044C
:040C130011C00017F5
:040C1400DA001917D2
:040C1500D880181754
:040C1600310006178C
:040C1700D0E003170F
:040C1800408B883A4B
:040C19002149883AAB
:040C1A00310006158A
:040C1B00D9001F17C6
:040C1C0018C7883A33
:040C1D0018C7883A32
:040C1E0038800717FC
:040C1F001907883AEF
:040C200001800074DB
:040C21003193E9041E
:040C22001806913AE5
:040C23003100001785
:040C24001145883AB4
:040C250038800715F7
:040C26001907883AE8
:040C270018800A1710
:040C28001145883AB0
:040C290018800A1510
:040C2A00D1200317BB
:040C2B00020000744F
:040C2C004213E90482
:040C2D004400001768
:040C2E0001400C0471
:040C2F000014F0407D
:040C3000D8C01817F9
:040C31009085883AE8
:040C3200D9001917B5
:040C33001405883AE2
:040C340010C0C11516
:040C35001100C015D5
:040C3600008001B485
:040C370010A388047A
:040C38001000003573
:040C39002000020E87
:040C3A000005883AEF
:040C3B0000000506AA
:040C3C00D94018176C
:040C3D002804403A0D
:040C3E0000000206AA
:040C3F009CE7883A6C
:040C4000003E9006DC
:040C4100DFC02A17CF
:040C4200DF0029178F
:040C4300DDC02817D1
:040C4400DD80271711
:040C4500DD40261751
:040C4600DD00251791
:040C4700DCC02417D2
:040C4800DC80231712
:040C4900DC40221752
:040C4A00DC00211792
:040C4B00DEC02B04D8
:040C4C00F800283A4A
:040C4D00D0E0008B68
:040C4E00DEFFF904C8
:040C4F00DC8002152E
:040C50001880040CF8
:040C510004800174A6
:040C52009482000484
:040C5300DFC00615E3
:040C5400DD40051565
:040C5500DD000415A5
:040C5600DCC00315E6
:040C5700DC40011567
:040C5800DC000015A7
:040C59009080003552
:040C5A0004C001745D
:040C5B009CC3000432
:040C5C00008014C43C
:040C5D009880003546
:040C5E000400017419
:040C5F00808000355C
:040C600018803FCCED
:040C6100908000354A
:040C620018C0224C48
:040C630005400174D3
:040C6400AD42010498
:040C6500A8C00035EE
:040C660004401584AD
:040C67009C40003578
:040C6800050001740E
:040C6900A5030104DA
:040C6A00A44000356D
:040C6B00844000358C
:040C6C0000C0004480
:040C6D00008001748E
:040C6E0010B00104BD
:040C6F0010C000357C
:040C7000D0A00217F7
:040C71000009883AB4
:040C7200000B883AB1
:040C730010800517D1
:040C74001000031E4B
:040C750000106F807C
:040C760000800344B3
:040C77008080003544
:040C7800D0A0008B7D
:040C790010C03FCC9C
:040C7A0090C00035F1
:040C7B001080018C58
:040C7C00A880003517
:040C7D009C40003562
:040C7E00A440003559
:040C7F008440003578
:040C8000D0A00217E7
:040C81000009883AA4
:040C8200000B883AA1
:040C830010800517C1
:040C840010000F1E2F
:040C850000106F806C
:040C8600008002C424
:040C87008080003534
:040C8800D0A0008B6D
:040C890010802BCCE0
:040C8A00A880003509
:040C8B00008015C40C
:040C8C00A08000350F
:040C8D00808000352E
:040C8E00008000C41E
:040C8F00808000352C
:040C9000008001C41B
:040C9100808000352A
:040C92000080024498
:040C93008080003528
:040C9400DFC00617A0
:040C9500DD40051722
:040C9600DD00041762
:040C9700DCC00317A3
:040C9800DC800217E3
:040C9900DC40011723
:040C9A00DC00001763
:040C9B00DEC00704AC
:040C9C00F800283AFA
:040C9D00DEFFF10481
:040C9E00DC4006151B
:040C9F00DFC00E158F
:040CA000DF000D154F
:040CA100DDC00C1591
:040CA200DD800B15D1
:040CA300DD400A1511
:040CA400DD00091551
:040CA500DCC0081592
:040CA600DC800715D2
:040CA700DC00051553
:040CA8002023883A43
:040CA900014001F411
:040CAA0029400204D7
:040CAB002880003766
:040CAC0000FFFFF452
:040CAD0018C03FC468
:040CAE0010C4703AC4
:040CAF001080C014DD
:040CB0002880003563
:040CB100000B883A72
:040CB20000105A8054
:040CB3008809883AEA
:040CB400000B883A6F
:040CB50000106500C6
:040CB6000080007446
:040CB7001093EB04A7
:040CB80010C0001751
:040CB9000080038430
:040CBA000021883A53
:040CBB001880241564
:040CBC00D800041543
:040CBD00008000446F
:040CBE00880B883ADD
:040CBF000009883A66
:040CC000D8C0030491
:040CC100100D883A50
:040CC200000F883A5D
:040CC300D8C0001580
:040CC400D80001153E
:040CC500D8800215BC
:040CC6000010CF80CB
:040CC7008809883AD6
:040CC800D940040407
:040CC9001000031EF6
:040CCA00840000445E
:040CCB000080008421
:040CCC0080800526F9
:040CCD0000102E00E5
:040CCE00D8800417AF
:040CCF0000C003C49A
:040CD0001881303621
:040CD100003FEB06EF
:040CD200D8800417AB
:040CD30000C003C496
:040CD40018812C3621
:040CD5000027883A32
:040CD6000025883A33
:040CD7008809883AC6
:040CD800980B883AB3
:040CD90000105A802D
:040CDA00902B883A99
:040CDB00002D883A26
:040CDC0000012606E7
:040CDD00800B883AC6
:040CDE008809883ABF
:040CDF00001065009C
:040CE000008000444C
:040CE100D8C0030470
:040CE200100D883A2F
:040CE3000009883A42
:040CE400880B883AB7
:040CE500000F883A3A
:040CE600D8C000155D
:040CE700D80001151B
:040CE800D880021599
:040CE9000010CF80A8
:040CEA0010011A1EBD
:040CEB00840000443D
:040CEC00008002047E
:040CED00AD40594479
:040CEE0080BFEE1EB7
:040CEF008809883AAE
:040CF000D9400404DF
:040CF10000102E00C1
:040CF200B580004485
:040CF3000080040475
:040CF400B08117268E
:040CF50000010D06E7
:040CF6009800032639
:040CF700A825883A6A
:040CF800070000846D
:040CF9000000880669
:040CFA008000051E53
:040CFB008809883AA2
:040CFC00D9400404D3
:040CFD000010314072
:040CFE0004C001C469
:040CFF0000000106EA
:040D000084FFFFC4A9
:040D01008809883A9B
:040D0200980B883A88
:040D03000010650077
:040D0400AC3FA6C496
:040D05000025883A03
:040D060000001006D3
:040D070000105A80FE
:040D08000080004423
:040D0900D8C0030447
:040D0A00100D883A06
:040D0B000009883A19
:040D0C00880B883A8E
:040D0D00000F883A11
:040D0E00D8C0001534
:040D0F00D8000115F2
:040D1000D880021570
:040D11000010CF807F
:040D12001000081EA7
:040D13009480004484
:040D1400008008044F
:040D15009080FB26A9
:040D1600840006440B
:040D1700900B883A7B
:040D18008809883A84
:040D1900857FED36AF
:040D1A000000F606D9
:040D1B0000800074E0
:040D1C001093E90443
:040D1D00108000172B
:040D1E008806917A38
:040D1F00802B883A63
:040D20000700008444
:040D21001887883A6D
:040D22001C00A315F9
:040D23001CC0A1153A
:040D24001C80A21578
:040D2500D880041757
:040D2600108003CC6A
:040D27001880A0157B
:040D280000000C06B5
:040D29001800A115F8
:040D2A001800A215F6
:040D2B00D880041751
:040D2C0010800044EF
:040D2D0000000406B8
:040D2E009880004465
:040D2F001880A11572
:040D30001800A215F0
:040D3100D88004174B
:040D3200108003CC5E
:040D33001880A0156F
:040D34000700004470
:040D3500988000445E
:040D3600050001C4EF
:040D3700BC805944DF
:040D3800A080082E61
:040D3900D940040495
:040D3A008809883A62
:040D3B0000102E0076
:040D3C008809883A60
:040D3D00000B883AE5
:040D3E0000105A80C7
:040D3F000400004468
:040D40000000190690
:040D41009C0000848E
:040D42008809883A5A
:040D4300000B883ADF
:040D440000105A80C1
:040D4500A400142EC4
:040D46008809883A56
:040D4700D940040487
:040D480000102E0069
:040D49000021883AC3
:040D4A0000000F0690
:040D4B00001065002F
:040D4C0000800044DF
:040D4D00D8C0030403
:040D4E00100D883AC2
:040D4F000009883AD5
:040D5000880B883A4A
:040D5100000F883ACD
:040D5200D8C00015F0
:040D5300D8000115AE
:040D5400D88002152C
:040D55000010CF803B
:040D56001000B226B1
:040D5700E70000446D
:040D580084000044CF
:040D590094805944E5
:040D5A00008001C450
:040D5B00800B883A47
:040D5C008809883A40
:040D5D00143FED2E24
:040D5E00D940040470
:040D5F0000102E0052
:040D6000B580004416
:040D61000080040406
:040D62000021883AAA
:040D630015809D3624
:040D6400003FF50651
:040D65008000051EE7
:040D66008809883A36
:040D6700D940040467
:040D68000010314006
:040D6900040001C4BD
:040D6A00000001067E
:040D6B00843FFFC4FE
:040D6C008809883A30
:040D6D00800B883A35
:040D6E00001065000C
:040D6F0094BFA6C4C3
:040D70000027883A96
:040D71000000100668
:040D720000105A8093
:040D730000800044B8
:040D7400D8C00304DC
:040D7500100D883A9B
:040D76000009883AAE
:040D7700880B883A23
:040D7800000F883AA6
:040D7900D8C00015C9
:040D7A00D800011587
:040D7B00D880021505
:040D7C000010CF8014
:040D7D001000021E42
:040D7E0098000826AB
:040D7F000000060664
:040D80009CC00044CF
:040D81009480064410
:040D8200008007C422
:040D8300980B883A07
:040D84008809883A18
:040D850014FFEC2E3D
:040D860094BFF9C459
:040D87000080007474
:040D88001093E904D7
:040D890010800017BF
:040D8A008806917ACC
:040D8B00993FFFC4C9
:040D8C001887883A02
:040D8D001C80A7150A
:040D8E001C00A5158B
:040D8F001900A6158C
:040D9000D8800417EC
:040D9100108003CCFF
:040D92001880A4150C
:040D930095406D36E4
:040D94008000051EB8
:040D9500D940040439
:040D96008809883A06
:040D970000103140D7
:040D9800014001C451
:040D9900000001064F
:040D9A00817FFFC492
:040D9B008809883A01
:040D9C0000106500DE
:040D9D009821883AD7
:040D9E0000000E063D
:040D9F0000105A8066
:040DA000008000448B
:040DA100880B883AF9
:040DA200D8C00304AE
:040DA300100D883A6D
:040DA4000009883A80
:040DA500000F883A79
:040DA600D8C000159C
:040DA700D80001155A
:040DA800D8800215D8
:040DA9000010CF80E7
:040DAA008140004440
:040DAB001000061E10
:040DAC002821883A38
:040DAD00008007C4F7
:040DAE00800B883AF4
:040DAF008809883AED
:040DB000143FEE2ED0
:040DB1000000130625
:040DB2002821883A32
:040DB30000000D0629
:040DB40000105A8051
:040DB5000080004476
:040DB600D8C003049A
:040DB700100D883A59
:040DB8000009883A6C
:040DB900880B883AE1
:040DBA00000F883A64
:040DBB00D8C0001587
:040DBC00D800011545
:040DBD00D8800215C3
:040DBE000010CF80D2
:040DBF0010005A26A0
:040DC0008400004467
:040DC100008007C4E3
:040DC200800B883AE0
:040DC3008809883AD9
:040DC400143FEF2EBB
:040DC50001000384A2
:040DC6000080037432
:040DC70011000035E2
:040DC800AC85883A34
:040DC9001008D07AC4
:040DCA000082CA04D5
:040DCB00000001061D
:040DCC00213D36048B
:040DCD00113FFE369E
:040DCE000027883A38
:040DCF000005883A59
:040DD00000C0020459
:040DD1000000030615
:040DD2009CC000447D
:040DD30010805944EF
:040DD40098C001269C
:040DD500113FFC3698
:040DD60010FFA6C4A0
:040DD7000025883A31
:040DD80000001506FC
:040DD90094800044BE
:040DDA000080080489
:040DDB009080111ED5
:040DDC00008000741F
:040DDD001093E90482
:040DDE0014000017E6
:040DDF008809883ABD
:040DE00001400304C7
:040DE1000014F040CA
:040DE2001405883A32
:040DE300E0FFFFC46A
:040DE40010C0C21564
:040DE500997FFFC42F
:040DE6008809883AB6
:040DE7000010650093
:040DE800900B883AAA
:040DE9008809883AB3
:040DEA0000105A801B
:040DEB000025883A1D
:040DEC0000000306FA
:040DED0018C00644E0
:040DEE00193FEA3689
:040DEF00003FEC06CF
:040DF00004000044B7
:040DF1000009883A33
:040DF200880B883AA8
:040DF300D88003049D
:040DF400800D883AAC
:040DF500000F883A29
:040DF600D88000158C
:040DF700D80001150A
:040DF800DC00021504
:040DF9000010CF8097
:040DFA009425883A7A
:040DFB008809883AA1
:040DFC00D9400404D2
:040DFD0010001E1EA6
:040DFE0000102E00B3
:040DFF000080040468
:040E000090BFEF1E92
:040E01000005883A26
:040E020000001A06CC
:040E03000021883A08
:040E0400003ED806CE
:040E0500008003C4A2
:040E0600A82F883A4F
:040E070015BEEE2EF8
:040E0800003FF806A9
:040E0900008004045D
:040E0A0015BF5A2E88
:040E0B00003FF506A9
:040E0C009CC0004442
:040E0D00008003C49A
:040E0E0098BFF22671
:040E0F009480064481
:040E1000003EC606D4
:040E110000800074E9
:040E12001093E9044C
:040E130010C00017F4
:040E14008804917A43
:040E150010C7883A40
:040E1600008001C493
:040E17001D40A315C2
:040E180098BF151E4C
:040E1900003F0F0681
:040E1A0084C9C83A85
:040E1B00003FAA06E4
:040E1C008005883A8B
:040E1D00DFC00E170D
:040E1E00DF000D17CD
:040E1F00DDC00C170F
:040E2000DD800B174F
:040E2100DD400A178F
:040E2200DD000917CF
:040E2300DCC0081710
:040E2400DC80071750
:040E2500DC40061790
:040E2600DC000517D0
:040E2700DEC00F0416
:040E2800F800283A6C
:040E2900DEFFF004F4
:040E2A00DD800C1546
:040E2B00DD400B1586
:040E2C00202D883AB3
:040E2D00DFC00F15FE
:040E2E00DF000E15BE
:040E2F00DDC00D1500
:040E3000DD000A15C2
:040E3100DCC0091503
:040E3200DC80081543
:040E3300DC40071583
:040E3400DC000615C3
:040E3500282B883AA4
:040E3600010001F4C2
:040E37002100020490
:040E380020800037DF
:040E390010BFFFECFB
:040E3A0010800054D0
:040E3B0020800035DE
:040E3C0020800037DB
:040E3D00B006943A2D
:040E3E0010BFFFCC16
:040E3F0010C4B03AF1
:040E400020800035D9
:040E410020800037D6
:040E420000FFFFF4BA
:040E430018C03FC4D0
:040E440010C4703A2C
:040E450010804014C5
:040E460020800035D3
:040E4700B00490FA69
:040E480000C00044A2
:040E4900D8000515B3
:040E4A00D880031534
:040E4B00D8C00415F2
:040E4C00D9000517AD
:040E4D002000042657
:040E4E00D98005172B
:040E4F00B009883A24
:040E5000A80B883A29
:040E510000119240BA
:040E5200B009883A21
:040E5300000B883ACE
:040E54000400004452
:040E55000011948074
:040E56000009883ACD
:040E5700800B883A4A
:040E5800001078000E
:040E5900D0A001170D
:040E5A0010800017ED
:040E5B001080040CF3
:040E5C001000091E5B
:040E5D00800D883A42
:040E5E000009883AC5
:040E5F00B00B883A12
:040E6000D9C00204EF
:040E6100DC0000159C
:040E620000114B40F0
:040E63001000021E5B
:040E64000007883AC1
:040E650000005B0628
:040E6600D880031716
:040E6700014003043F
:040E6800A823883AF9
:040E6900156F883A3F
:040E6A00B809883A01
:040E6B000014F0403F
:040E6C001027883A89
:040E6D00AD45883ACD
:040E6E001085883A29
:040E6F0000C001B40A
:040E700018E2400440
:040E710010E5883AC6
:040E72000029883A91
:040E730095000035B1
:040E7400D12003176F
:040E75000080007485
:040E76001093E904E8
:040E7700140000174C
:040E780001406004D1
:040E79000014F04031
:040E7A009885883A95
:040E7B001405883A98
:040E7C001500E01568
:040E7D008809883A1E
:040E7E0000103740E9
:040E7F00A5000104C5
:040E800000800804E2
:040E81008C4000445D
:040E82009480010453
:040E83009CC0030408
:040E8400A0BFEE1EFF
:040E8500008001B434
:040E860010A3880429
:040E87001000003522
:040E8800B009883AEB
:040E890000132740EB
:040E8A00014003041C
:040E8B00B809883AE0
:040E8C001039883A57
:040E8D000014F0401D
:040E8E001027883A67
:040E8F00AD45883AAB
:040E90001085883A07
:040E910000C001B4E8
:040E920018E240041E
:040E930010E5883AA4
:040E9400A823883ACD
:040E95000029883A6E
:040E96009000003593
:040E9700D12003174C
:040E98000080007462
:040E99001093E904C5
:040E9A001400001729
:040E9B0001406004AE
:040E9C000014F0400E
:040E9D009885883A72
:040E9E001405883A75
:040E9F001000E0154A
:040EA0008809883AFB
:040EA10000103740C6
:040EA200A500004463
:040EA30000800204C5
:040EA4008C4000443A
:040EA5009480010430
:040EA6009CC00304E5
:040EA700A0BFEE1EDC
:040EA800008001B411
:040EA90010A3880406
:040EAA0010000035FF
:040EAB00E000041E41
:040EAC0001000084BD
:040EAD000007883A78
:040EAE00D90004154E
:040EAF000000110628
:040EB000D0A00217B5
:040EB100108007178F
:040EB20010000D1E01
:040EB3000080004477
:040EB4000009883A6F
:040EB500B00B883ABC
:040EB600B00D883AB9
:040EB700A80F883ABE
:040EB800D8800015C9
:040EB900D800011547
:040EBA00001295008D
:040EBB001000041E01
:040EBC00008000C4EE
:040EBD000007883A68
:040EBE00D8800415BF
:040EBF000000010628
:040EC00000C000442A
:040EC100D900051738
:040EC20000800404A4
:040EC3002100008486
:040EC400D900051537
:040EC5002080032660
:040EC6001805003AD1
:040EC70010000926E8
:040EC800003F83065E
:040EC9001804C03A0F
:040ECA001000091EED
:040ECB00D9800417AF
:040ECC00B009883AA7
:040ECD00014000449C
:040ECE00001005808B
:040ECF000005883A58
:040ED0000000080610
:040ED100D8C0051769
:040ED2000080008418
:040ED30010C0042E19
:040ED400B009883A9F
:040ED500A80B883AA4
:040ED6000180004453
:040ED70000124700BE
:040ED8000080004452
:040ED900DFC00F1750
:040EDA00DF000E1710
:040EDB00DDC00D1752
:040EDC00DD800C1792
:040EDD00DD400B17D2
:040EDE00DD000A1712
:040EDF00DCC0091753
:040EE000DC80081793
:040EE100DC400717D3
:040EE200DC00061713
:040EE300DEC0100459
:040EE400F800283AB0
:040EE500DEFFFE042A
:040EE600DC00001517
:040EE700DFC0011552
:040EE8002821883AFB
:040EE90001C001F44F
:040EEA0039C0020405
:040EEB003880003714
:040EEC0010BFFFEC48
:040EED00108001145C
:040EEE003880003513
:040EEF003880003710
:040EF00000FFFFF40C
:040EF10018C03FC422
:040EF20010C4703A7E
:040EF3001080401417
:040EF400388000350D
:040EF500388000370A
:040EF6002806943AFC
:040EF70010BFFFCC5D
:040EF80010C4B03A38
:040EF9003880003508
:040EFA000011BF0024
:040EFB0000C00044EF
:040EFC008009883AA7
:040EFD0001400104AB
:040EFE00180D883A09
:040EFF001000021EBF
:040F00000010058058
:040F01000007883A23
:040F02001805883A0C
:040F0300DFC0011733
:040F0400DC000017F6
:040F0500DEC0020444
:040F0600F800283A8D
:040F0700DEFFF6040F
:040F0800DD400815AB
:040F0900DC8005156E
:040F0A00DFC0091526
:040F0B002025883ADB
:040F0C00DD000715E8
:040F0D00DCC0061529
:040F0E00DC400415AA
:040F0F00DC000315EA
:040F1000282B883AC8
:040F1100010001F4E6
:040F120021000204B4
:040F13002080003703
:040F140010BFFFEC1F
:040F150010800094B4
:040F16002080003502
:040F170020800037FF
:040F180000FFFFF4E3
:040F190018C03FC4F9
:040F1A0010C4703A55
:040F1B0010804014EE
:040F1C0020800035FC
:040F1D0000800374D9
:040F1E0014C00037C4
:040F1F0020800037F7
:040F20009006943A69
:040F210010BFFFCC32
:040F220010C4B03A0D
:040F230020800035F5
:040F24000023883AE4
:040F25000029883ADD
:040F2600880D883A70
:040F2700A80B883A51
:040F28009009883A6A
:040F290000123AC0B8
:040F2A009009883A68
:040F2B00000B883AF5
:040F2C00001194809C
:040F2D000400004478
:040F2E00D880020461
:040F2F000009883AF3
:040F3000900B883A60
:040F3100000D883AED
:040F3200000F883AEA
:040F3300D88000154D
:040F3400DC000115C7
:040F350000109AC04E
:040F36001000511E38
:040F37008C23883A45
:040F3800A5000644C6
:040F39009C7FEC2E7F
:040F3A009009883A58
:040F3B00800D883A63
:040F3C0001400084EC
:040F3D00000020068A
:040F3E009009883A54
:040F3F00000B883AE1
:040F40000011948088
:040F4100A021883A29
:040F420000000D0698
:040F430000123AC09E
:040F440000800044E5
:040F4500D88001153A
:040F4600000F883AD6
:040F4700D880020448
:040F48000009883ADA
:040F4900900B883A47
:040F4A00000D883AD4
:040F4B00D880001535
:040F4C0000109AC037
:040F4D001000072663
:040F4E008C4000448F
:040F4F0084000644D0
:040F5000008007C452
:040F5100880D883A45
:040F52009009883A40
:040F5300A80B883A25
:040F5400147FEE2EEA
:040F5500847FF9C4D8
:040F56009009883A3C
:040F5700A80B883A21
:040F580001800044D0
:040F5900001247003B
:040F5A008D00062ED2
:040F5B0001400084CD
:040F5C009009883A36
:040F5D00280D883A99
:040F5E0000100580FA
:040F5F000005883AC7
:040F60000000310656
:040F61000080007498
:040F62001093E904FB
:040F63009009883A2F
:040F6400014005043F
:040F6500140000175D
:040F66000014F04043
:040F6700A447883AD9
:040F68001826D07AFD
:040F69001405883AA9
:040F6A001500CF158A
:040F6B001440D01549
:040F6C0098000226C1
:040F6D0000805904A3
:040F6E0014C0033672
:040F6F000009883AB3
:040F70000021883A9A
:040F71000000020674
:040F72000100004436
:040F730004005944D9
:040F7400017FA6C48F
:040F75000014F04034
:040F76009009883A1C
:040F7700000B883AA9
:040F780080A1883A92
:040F7900001194804F
:040F7A00000D883AA4
:040F7B0000800804E6
:040F7C000000030668
:040F7D00318000447B
:040F7E0084000644A1
:040F7F003080012697
:040F800084FFFC36B8
:040F81009C00012EA1
:040F820031BFFFC4B8
:040F83009009883A0F
:040F8400A80B883AF4
:040F85000011924085
:040F860000800044A3
:040F870000000A0656
:040F8800008001F4F0
:040F890010800204CE
:040F8A0010C000375C
:040F8B00013FFFF42F
:040F8C0021003FC43D
:040F8D001906703A97
:040F8E0018C08014F3
:040F8F0010C0003559
:040F9000883FB01EC8
:040F9100003FAC066B
:040F9200DFC009179C
:040F9300DD4008171E
:040F9400DD0007175E
:040F9500DCC006179F
:040F9600DC800517DF
:040F9700DC4004171F
:040F9800DC0003175F
:040F9900DEC00A04A8
:040F9A00F800283AF9
:040F9B00DEFFF90478
:040F9C00DFC0061597
:040F9D00DC4005151A
:040F9E00DC0004155A
:040F9F00010001F458
:040FA0002100020426
:040FA1002080003775
:040FA20010BFFFEC91
:040FA300108000D4E6
:040FA4002080003574
:040FA5002080003771
:040FA60000FFFFF455
:040FA70018C03FC46B
:040FA80010C4703AC7
:040FA9001080401460
:040FAA00208000356E
:040FAB000009883A77
:040FAC0001400044BC
:040FAD0000107800B8
:040FAE000023883A5A
:040FAF00D0A00117B6
:040FB00010C0011755
:040FB1000080017447
:040FB20010B0000477
:040FB30010C0003535
:040FB40004000044F1
:040FB500D8800304D9
:040FB6000009883A6C
:040FB700000B883A69
:040FB800018001C4EF
:040FB900800F883AE3
:040FBA00D8800015C6
:040FBB00DC00011540
:040FBC00DC0002153E
:040FBD000010CF80D1
:040FBE0010000726F2
:040FBF00D0E0011766
:040FC0008023883AC8
:040FC100188001177C
:040FC20010BFFFC499
:040FC300188001157C
:040FC40010002426CF
:040FC500003FE906FA
:040FC6000080017432
:040FC70010A0020470
:040FC80010000035E0
:040FC9008805003A5D
:040FCA001000091EEC
:040FCB00D0A001179A
:040FCC0010C0011739
:040FCD0018C00084C4
:040FCE0010C0011539
:040FCF000080017429
:040FD00010B0000459
:040FD10010C0003517
:040FD2000080004457
:040FD30000001906FB
:040FD40001003FC415
:040FD500014000C413
:040FD600800D883AC8
:040FD7000010058081
:040FD8000080007421
:040FD9001093E90484
:040FDA0010C000172C
:040FDB00D0A0031788
:040FDC00800D883AC2
:040FDD000009883A45
:040FDE00100491BAB0
:040FDF00014000C409
:040FE00010C5883A76
:040FE10000C0010447
:040FE200114008159D
:040FE30021000044A5
:040FE400118009155A
:040FE5001080040470
:040FE60020FFFB1ECF
:040FE7000005883A3F
:040FE80000000406FB
:040FE900008001740F
:040FEA0010A002044D
:040FEB0010000035BD
:040FEC00003FDE06DE
:040FED00DFC0061744
:040FEE00DC400517C7
:040FEF00DC00041707
:040FF000DEC0070454
:040FF100F800283AA2
:040FF200DEFFFC041E
:040FF300DC00021507
:040FF400DFC0031542
:040FF5002021883AF5
:040FF600280F883AFE
:040FF700010001F400
:040FF80021000204CE
:040FF900208000371D
:040FFA0010BFFFEC39
:040FFB00108002540C
:040FFC00208000351C
:040FFD002080003719
:040FFE0000FFFFF4FD
:040FFF0018C03FC413
:0410000010C4703A6E
:041001001080C01487
:041002002080003515
:041003002080003712
:041004008006943A94
:0410050010BFFFCC4D
:0410060010C4B03A28
:041007002080003510
:04100800D0A002175B
:041009000009883A18
:04100A00800B883A95
:04100B001080071733
:04100C00800D883A91
:04100D001000081EA9
:04100E00008000441A
:04100F00D88001156F
:04101000D8000015EF
:041011000012950034
:041012008009883A8F
:041013000140024452
:04101400018000C493
:04101500100002269F
:041016000080004412
:0410170000000206CD
:04101800001005803F
:041019000005883A0C
:04101A00DFC0031719
:04101B00DC000217DC
:04101C00DEC004042A
:04101D00F800283A75
:04101E00DEFFF504F8
:04101F00DFC00A150F
:04102000DC000115DA
:04102100DF000915CE
:04102200DDC0081510
:04102300DD80071550
:04102400DD40061590
:04102500DD000515D0
:04102600DCC0041511
:04102700DC80031551
:04102800DC40021591
:041029000014DA00D5
:04102A0000800074CE
:04102B001093EB042F
:04102C00D0E00117F8
:04102D001100001797
:04102E0000803FC43B
:04102F00188005150B
:041030001800071588
:04103100180003158B
:041032001800041589
:041033001800061586
:0410340020001B1568
:0410350020001A1568
:041036000010920014
:041037000021883AD2
:04103800008001B47F
:0410390010A00004FF
:04103A001400003569
:04103B008009883A66
:04103C00000B883AE3
:04103D0000103D4022
:04103E0084000044E6
:04103F000080010428
:0410400080BFF71E58
:04104100D0A0000B30
:0410420000C03E04A8
:0410430010803E0CCF
:0410440010C00826AA
:0410450000126B80AA
:04104600D0A002171D
:041047000027883ABC
:041048000039883AA9
:0410490010800617F6
:04104A00D8000015B5
:04104B0000AC303A8B
:04104C000000020698
:04104D0000119F00EF
:04104E00000069062F
:04104F009809883A3A
:041050000014738095
:04105100B080004C1F
:041052001005003A4B
:04105300B02CD07A73
:04105400E72B883AC4
:041055001000571E12
:04105600008001B461
:0410570010A00004E1
:0410580014C000358B
:04105900E022D0BA07
:04105A009809883A2F
:04105B00A80B883A1C
:04105C00000D883AC1
:04105D000012470036
:04105E008821883A23
:04105F000025883AA6
:041060000029883AA1
:04106100000007067E
:0410620000138A40AD
:041063001000051E56
:04106400D0A0011700
:04106500050000443E
:0410660010800017DF
:041067001080020CE7
:0410680010005F26EF
:04106900E08001041E
:04106A00102ED0BABA
:04106B00900B883A24
:04106C008009883A35
:04106D009480020465
:04106E00A005003A9F
:04106F0085C0032E07
:0410700084000044B4
:04107100103FF01E1E
:04107200000037063D
:041073001000131E38
:04107400000035063D
:04107500A80D883A00
:041076000009883AAB
:04107700980B883A10
:041078000013B94068
:041079001000051E40
:04107A00D0A00117EA
:04107B0010800017CA
:04107C001080020CD2
:04107D0010002C1E15
:04107E00000049061F
:04107F000080007479
:041080001093E904DC
:0410810010C0001784
:041082009804913A03
:041083000021883A86
:0410840010C5883AD1
:04108500100008153A
:0410860000000B0655
:04108700D0A00217DC
:0410880010800717B6
:04108900103FF51E01
:04108A00003FEA0633
:04108B000013FC80D2
:04108C001000051E2D
:04108D00D0A00117D7
:04108E000500004415
:04108F0010800017B6
:041090001080020CBE
:0410910010003626EF
:04109200800B883A0D
:041093008809883A06
:0410940084000204CE
:04109500A005003A78
:041096008DC0032ED8
:041097008C40004445
:04109800103FF21EF5
:04109900000010063D
:04109A00A004C03AB4
:04109B0010000E1E15
:04109C00D0A00117C8
:04109D0010800017A8
:04109E001080010CB1
:04109F0010000D260A
:0410A000D0A00217C3
:0410A100108007179D
:0410A20010000A1E12
:0410A300980B883AE4
:0410A4000009883A7D
:0410A5000010EF80C8
:0410A6000009883A7B
:0410A700980B883AE0
:0410A8000010ACC0C8
:0410A900000003063A
:0410AA00D8800017D3
:0410AB00108000446D
:0410AC00D8800015D3
:0410AD009CC000449F
:0410AE0000800104B9
:0410AF00E700010451
:0410B00098BF9E1E29
:0410B100D8800017CC
:0410B2001000151EF7
:0410B300D0A00217B0
:0410B400108006178B
:0410B5001000021E07
:0410B6000013E6C07D
:0410B70010001026EF
:0410B8000080007440
:0410B9001093EB04A1
:0410BA0010C000174B
:0410BB00008001743C
:0410BC0010A0070475
:0410BD001080003768
:0410BE0018801A1567
:0410BF00D0A00117A5
:0410C0001080011784
:0410C1001085883AD4
:0410C20018801B1562
:0410C300008001B4F4
:0410C40010A38804E9
:0410C50010000035E2
:0410C6000080004462
:0410C700000001061E
:0410C8000005883A5D
:0410C900DFC00A1763
:0410CA00DF00091723
:0410CB00DDC0081765
:0410CC00DD800717A5
:0410CD00DD400617E5
:0410CE00DD00051725
:0410CF00DCC0041766
:0410D000DC800317A6
:0410D100DC400217E6
:0410D200DC00011726
:0410D300DEC00B046C
:0410D400F800283ABE
:0410D500DEFFFC043A
:0410D600DFC003155F
:0410D700DC800215A2
:0410D800DC400115E2
:0410D900DC00001522
:0410DA000014A64018
:0410DB00008000741D
:0410DC001093EA047F
:0410DD0010C0001728
:0410DE000100037496
:0410DF0021000704E1
:0410E000188001175C
:0410E10010800094E7
:0410E200188001155C
:0410E3000080004445
:0410E4002080003533
:0410E5002023883A02
:0410E60000E00034F2
:0410E70018C00044E9
:0410E80088800037C5
:0410E90010FFFE1ED8
:0410EA0000108A80E8
:0410EB00001313409B
:0410EC000014078065
:0410ED001025883A08
:0410EE00001071403D
:0410EF000080017408
:0410F00010A0020446
:0410F10010000035B6
:0410F2009021003A0F
:0410F3008000041E57
:0410F4000080007404
:0410F5001093EB0465
:0410F600108000174F
:0410F70010000415CC
:0410F800D0A001176C
:0410F900108000174C
:0410FA001080004C16
:0410FB001000041EBF
:0410FC0000108580DB
:0410FD0000800174FA
:0410FE0010B0020428
:0410FF0010000035A8
:04110000880000352E
:04110100D1A0011761
:0411020080001A1E31
:0411030030C00617DB
:041104003080071719
:0411050001003FC4E2
:041106001806D07A7D
:041107001004D07A86
:0411080030C00615D8
:041109003080071516
:04110A0020C0012ED2
:04110B003100061594
:04110C003080071711
:04110D002080012E0F
:04110E003100071590
:04110F00308007170E
:0411100030C00617CE
:041111001004923AFA
:041112001886B03A51
:04111300008001F463
:041114001080030440
:0411150010C00035D1
:0411160000800174E0
:0411170010B004040C
:0411180010C00035CE
:0411190000C00044CE
:04111A0010BFFF04FF
:04111B0010C00035CB
:04111C0000001806B1
:04111D003080031704
:04111E003100051780
:04111F0030C00417C1
:041120001004923AEB
:041121002008943AD4
:04112200014001F493
:041123002940040457
:041124001886B03A3F
:041125001906B03ABD
:0411260028C00035A8
:0411270000800174CF
:0411280010B00404FB
:0411290010C00035BD
:04112A0000C000847D
:04112B0010BFFF04EE
:04112C0010C00035BA
:04112D0030C00317B4
:04112E003100051770
:04112F0030800417F1
:041130001806923AD1
:041131002008943AC4
:0411320010C4B03AFB
:041133001104B03AB9
:0411340028800035DA
:0411350000800074C2
:041136001093EB0423
:04113700110000178C
:0411380000800074BF
:041139001093E90422
:04113A001140001749
:04113B0020800117F8
:04113C0000C000747B
:04113D0018D3ED04D2
:04113E0019800017FD
:04113F0010800054C8
:0411400020800115F5
:0411410020C00117B2
:0411420000800074B5
:041143001093EA0417
:0411440011C00017BF
:0411450020C00115B0
:0411460028C00117A5
:041147009005883A4D
:0411480018C0005477
:0411490028C00115A4
:04114A0028C00117A1
:04114B0028C00115A2
:04114C0030C0011797
:04114D0018C0005472
:04114E0030C0011597
:04114F0030C0011794
:0411500030C0011595
:0411510038C001178A
:0411520018C00114AC
:0411530038C001158A
:04115400DFC00317DE
:04115500DC80021721
:04115600DC40011761
:04115700DC000017A1
:04115800DEC00404ED
:04115900F800283A38
:04115A00DEFFED04C3
:04115B00D88008042C
:04115C00D0A0011509
:04115D00008000848A
:04115E00D880081518
:04115F00DFC01215C6
:04116000DC00111589
:04116100D6E00215BD
:041162000010130066
:0411630000100C80EC
:041164000100007412
:041165002113F2045C
:041166000014AA4087
:04116700008001748F
:0411680010880004E7
:04116900100000353D
:04116A0000C001F4CC
:04116B0018C00204A2
:04116C0018800037B0
:04116D0010BFFFECC4
:04116E0018800035B0
:04116F0018800037AD
:0411700010BFFFCCE1
:0411710018800035AD
:041172000080017484
:0411730010A00304C1
:0411740010800037B0
:0411750010C0004C5A
:04117600D0A0000DF8
:041177001800031E3B
:0411780000803FC4F0
:04117900D0A0008D75
:04117A00000001066A
:04117B00D020008DF3
:04117C0000143540E6
:04117D001021883A7B
:04117E000014B700A2
:04117F008005883A25
:04118000DFC01217A3
:04118100DC00111766
:04118200DEC01304B4
:04118300F800283A0E
:04118400DEFFFE0488
:04118500DFC00115B1
:04118600DC00001574
:04118700008001B42F
:0411880010A340046C
:041189001400003717
:04118A00008000449D
:04118B008080091E39
:04118C0000108A8045
:04118D0000131340F8
:04118E000010858048
:04118F000080017467
:0411900010B0020495
:041191001000003515
:0411920010800104C4
:04119300140000350F
:04119400000006064B
:041195000080008452
:041196008080041E33
:04119700DFC001179D
:04119800DC00001760
:04119900DEC00204AE
:04119A0000143541C7
:04119B00DFC0011799
:04119C00DC0000175C
:04119D00DEC00204AA
:04119E00F800283AF3
:04119F000080018447
:0411A000F800283AF1
:0411A1000080008446
:0411A200F800283AEF
:0411A3000080007454
:0411A4001093E704B9
:0411A500118000179E
:0411A600D0E0061778
:0411A7000009883A79
:0411A80031C0061735
:0411A90001400104FC
:0411AA0002400044BB
:0411AB0019C0221530
:0411AC000200080431
:0411AD004904983A1F
:0411AE0021000044D8
:0411AF003884703AD6
:0411B0001000012604
:0411B100297FFFC4CF
:0411B200223FFA1EC0
:0411B30019402115A9
:0411B40031000517EA
:0411B5002000021EF6
:0411B60001400044B0
:0411B700000004062A
:0411B80018801F1765
:0411B900000B883A65
:0411BA00108000544D
:0411BB0018801F1564
:0411BC002004C03A11
:0411BD003080071562
:0411BE0019401E15A1
:0411BF00F800283AD2
:0411C000D0A006179E
:0411C10001000044E5
:0411C20011001D15E6
:0411C30010C014172D
:0411C40010C01E1524
:0411C50011002015E0
:0411C60010C012172C
:0411C70010C021151E
:0411C80010002215DC
:0411C90010001F15DE
:0411CA00F800283AC7
:0411CB00D0A0061793
:0411CC0010002315D7
:0411CD00F800283AC4
:0411CE002006D17AAC
:0411CF00D0A006178F
:0411D000180A917AEE
:0411D10018C7883A79
:0411D20018C7883A78
:0411D3001887883AB7
:0411D4002149C83AAB
:0411D50018C0230417
:0411D6000140004490
:0411D7001880001765
:0411D800290A983A0E
:0411D9001144B03AD3
:0411DA001880001564
:0411DB00F800283AB6
:0411DC00D0E0041744
:0411DD000009883A43
:0411DE0001400104C7
:0411DF001800C0151F
:0411E0001800C1151D
:0411E1001800C2151B
:0411E2001800C31519
:0411E3001800C41517
:0411E4001800C51515
:0411E5001800C61513
:0411E6001800C71511
:0411E7001800C8150F
:0411E8001800C9150D
:0411E9001800CA150B
:0411EA001800CB1509
:0411EB001805883A21
:0411EC001000A0153A
:0411ED001000A11538
:0411EE001000A21536
:0411EF001000A31534
:0411F0001000A41532
:0411F1001000A51530
:0411F2001000A6152E
:0411F3002100004493
:0411F4001000A7152B
:0411F500108008045A
:0411F600217FF51E42
:0411F700000B883A27
:0411F8000009883A28
:0411F90020C5883A4B
:0411FA001000CC1500
:0411FB001000CE15FD
:0411FC001000CF15FB
:0411FD001000D015F9
:0411FE001000CD15FB
:0411FF00294000443F
:041200000080010465
:0412010021000504BF
:0412020028BFF61EED
:041203000009883A1C
:041204000140080499
:041205001805883A06
:0412060010001815A7
:0412070010001915A5
:041208001000581565
:04120900210000447C
:04120A001000591562
:04120B001080020449
:04120C00217FF91E27
:04120D000009883A12
:04120E000140010496
:04120F001805883AFC
:04121000100098151D
:041211002100004474
:04121200100099151A
:041213001080020441
:04121400217FFB1E1D
:041215001801421565
:041216001801411565
:041217001801401565
:04121800180145155F
:04121900180144155F
:04121A00180143155F
:04121B001801481559
:04121C001801471559
:04121D001801461559
:04121E0018014B1553
:04121F0018014A1553
:041220001801491553
:04122100000B883AFC
:041222000009883AFD
:0412230020C5883A20
:0412240010014C1554
:0412250010014D1552
:0412260010014E1550
:0412270010014F154E
:04122800100150154C
:04122900100151154A
:04122A002940004413
:04122B00008001043A
:04122C002100060493
:04122D0028BFF51EC3
:04122E00000B883AEF
:04122F000009883AF0
:0412300020C5883A13
:041231001000E015B4
:041232001000E115B2
:041233001000E215B0
:041234002940004409
:041235000080080429
:04123600210003048C
:0412370028BFF81EB6
:041238001801641520
:04123900180165151E
:04123A00180166151C
:04123B00180167151A
:04123C001801681518
:04123D001801691516
:04123E0018016A1514
:04123F0018016B1512
:0412400018016C1510
:0412410018016D150E
:0412420018016E150C
:0412430018016F150A
:04124400F800283A4C
:04124500D120081795
:0412460000C00804D8
:04124700008001041E
:0412480020C00215AB
:0412490020800315E9
:04124A0000C000449C
:04124B0020C00415A6
:04124C00000B883AD1
:04124D002007883AB4
:04124E001800061569
:04124F0029400044EE
:041250001800051568
:0412510018C00204BB
:0412520028BFFB1E98
:041253000007883ACE
:041254000140080449
:041255002005883AAE
:0412560010000E1561
:0412570018C0004477
:0412580010000D1560
:0412590010800204FB
:04125A00197FFB1EDF
:04125B002005883AA8
:04125C000007883AC5
:04125D000100080480
:04125E0010004E1519
:04125F0018C000446F
:0412600010004D1518
:0412610010800204F3
:04126200193FFB1E17
:04126300F800283A2D
:04126400D0E00617B9
:04126500010001C4BF
:0412660000803FC401
:041267001900041551
:0412680018800615CF
:04126900D0A00417F6
:04126A00180007154C
:04126B00180008154A
:04126C0010000A154F
:04126D0010000B154D
:04126E00110008154E
:04126F0010000E1548
:0412700010000F1546
:0412710011000C1547
:041272001000121541
:04127300100013153F
:041274001100101540
:04127500100016153A
:041276001000171538
:041277001100141539
:04127800F800283A18
:04127900D0A00617E4
:04127A0010001A1531
:04127B0010001B152F
:04127C00F800283A14
:04127D00D0A00717DF
:04127E0000C00804A0
:04127F001000031543
:041280001000041541
:04128100100005153F
:04128200100006153D
:0412830010C0011581
:0412840010C002157F
:04128500F800283A0B
:04128600D0E0061797
:04128700D120091752
:0412880018801204B4
:0412890020800115AB
:04128A0018802204A2
:04128B0020800215A8
:04128C0018801404AE
:04128D0020800315A5
:04128E0018801F04A1
:04128F0020800415A2
:04129000188021049D
:04129100208005159F
:0412920018801E049E
:04129300208006159C
:04129400188020049A
:041295002080071599
:0412960018C01D045B
:0412970020C0081556
:04129800F800283AF8
:04129900D0A00517C5
:04129A00100001152A
:04129B00F800283AF5
:04129C00D0E0051782
:04129D000080FA04CF
:04129E00188002159D
:04129F00180003151B
:0412A000F800283AF0
:0412A100D0A00517BD
:0412A20000C000C4C4
:0412A30010C003155F
:0412A400F800283AEC
:0412A500D0A00517B9
:0412A60000C0008400
:0412A70010C003155B
:0412A800F800283AE8
:0412A900200F883A50
:0412AA002000091EF9
:0412AB00008001F4CA
:0412AC0010800104A9
:0412AD0010000035F8
:0412AE00D020061531
:0412AF00D020041532
:0412B000D02008152D
:0412B100D02007152D
:0412B200D02005152E
:0412B300F800283ADD
:0412B400008001F4C1
:0412B50010800104A0
:0412B60011000035EE
:0412B70020000115FD
:0412B80021400D04C0
:0412B90021400815B3
:0412BA0021003704D4
:0412BB0039000915D8
:0412BC0038C1A7048A
:0412BD0038C00A1516
:0412BE003982340439
:0412BF0039800C1551
:0412C00000823D0467
:0412C100388000155C
:0412C20000802A047A
:0412C30038800D154D
:0412C4000081700431
:0412C5003880371521
:0412C60000808D0413
:0412C7003881A715AE
:0412C8000080090495
:0412C900388234151E
:0412CA0028000115E2
:0412CB0020000115E9
:0412CC0018000115F0
:0412CD000080004459
:0412CE00388003154C
:0412CF0038000215CC
:0412D00038000415C9
:0412D10038000515C7
:0412D20038000615C5
:0412D30038000715C3
:0412D40038000B15BE
:0412D500D1E005154A
:0412D600D1600615C8
:0412D700D120041509
:0412D800D0E0081545
:0412D900D020071505
:0412DA00D1A0091581
:0412DB00F800283AB5
:0412DC00D0E0051742
:0412DD000080FA048F
:0412DE00DEFFFE042D
:0412DF00188002155C
:0412E000DFC0011555
:0412E100DC00001518
:0412E20018000315D8
:0412E3000014610092
:0412E400D1A0051779
:0412E500040000C43D
:0412E600308003173A
:0412E70014000326C6
:0412E8003080031738
:0412E900010000847C
:0412EA001100071ECA
:0412EB0030C00217F6
:0412EC00008000443A
:0412ED0018BFF51E13
:0412EE000080FA047E
:0412EF003080021534
:0412F00030000315B2
:0412F100003FF106C3
:0412F200308003172E
:0412F300103FEF1E9B
:0412F40030C00217ED
:0412F500008004442D
:0412F60018801B261B
:0412F70010C00C36E1
:0412F80000800184ED
:0412F90018805926DA
:0412FA0010C00436E6
:0412FB00180057265A
:0412FC000080014429
:0412FD001880671ED0
:0412FE0000001806CE
:0412FF0000800384E4
:04130000188020260B
:04130100008003C4A1
:041302001880621ECF
:0413030000002206BE
:0413040000800584DC
:0413050018804126E5
:0413060010C00536D8
:0413070000800484DA
:0413080018802926FA
:041309000080054417
:04130A0018805A1ECF
:04130B0000003506A3
:04130C000080060453
:04130D0018804726D7
:04130E0018803E36CF
:04130F000080FA045C
:041310001880541ECF
:04131100003FD106C2
:0413120000800074E3
:041313001093E70448
:04131400108000172E
:0413150010000515AA
:0413160000002606A7
:0413170000800074DE
:041318001093E60444
:0413190010C00017E9
:04131A001880001720
:04131B0010800054EA
:04131C001880001520
:04131D000014354043
:04131E00D0A005173F
:04131F00140003159E
:04132000003FC206C2
:0413210000800074D4
:041322001093E70439
:04132300108000171F
:04132400100006159A
:0413250000001706A7
:0413260030800417F8
:041327008080173675
:0413280000800074CD
:041329001093E70432
:04132A001140001757
:04132B003100041772
:04132C0000800044F9
:04132D0028C00617B7
:04132E001104983AD4
:04132F001886B03A32
:0413300028C00615B6
:0413310000000B06A7
:0413320030800417EC
:0413330010000B1E7D
:0413340030800417EA
:0413350000C0007480
:0413360018D3E704DD
:0413370018C00017C3
:041338001085883A5A
:041339001085883A59
:04133A0010C5883A18
:04133B0000C00044AA
:04133C0010C00515C3
:04133D00001468C070
:04133E00003FDF0687
:04133F003100031561
:04134000003FA206C2
:0413410000800074B4
:041342001093E6041A
:0413430010C00017BF
:0413440018800017F6
:0413450010800114FF
:0413460000000B0692
:0413470000800074AE
:041348001093E60414
:0413490010C00017B9
:04134A0018800017F0
:04134B0010800214F8
:04134C000000050692
:04134D0000800074A8
:04134E001093E6040E
:04134F0010C00017B3
:0413500018800017EA
:0413510010800414F0
:0413520018800015EA
:04135300340003154A
:04135400003F8E06C2
:0413550030800417C9
:0413560000C000745F
:0413570018D3E604BD
:041358001000052656
:0413590018C00017A1
:04135A0018800017E0
:04135B0010800814E2
:04135C0018800015E0
:04135D000000050681
:04135E0018800017DC
:04135F00013FF7C48F
:0413600010C00017A2
:041361001906703ABF
:0413620010C00015A2
:04136300008000C442
:04136400000001067E
:041365000080008480
:0413660030800315BB
:04136700003F7B06C2
:04136800D120061773
:04136900D160041734
:04136A00D1A00817EF
:04136B002000011548
:04136C00280001153F
:04136D003000011536
:04136E0020800117C3
:04136F0000C0007446
:0413700018D3E604A4
:0413710018C0001789
:041372001080009453
:0413730020800115C0
:0413740020800117BD
:0413750001C00104AE
:04137600DEFFFF0493
:0413770020800115BC
:0413780018800017C2
:04137900DFC00015BC
:04137A0011C6703AEE
:04137B001080008C52
:04137C001000052632
:04137D0028800117AC
:04137E001080009447
:04137F0028800115AC
:0413800028800117A9
:0413810028800115AA
:041382001800052624
:04138300308001179E
:041384001080009441
:04138500308001159E
:04138600308001179B
:04138700308001159C
:04138800008001845C
:0413890020800315A8
:04138A00008001F4EA
:04138B0010C0003757
:04138C00D0A00617D0
:04138D0001400044D7
:04138E0020C0021564
:04138F0000C0038413
:0413900010C009156B
:0413910000C000C4D4
:0413920010C00A1568
:0413930011400B15E5
:0413940011400C15E3
:0413950011400D15E1
:0413960011400E15DF
:0413970001800804C5
:0413980011800F159C
:0413990011C010155A
:04139A0011C0111558
:04139B0011C0121556
:04139C000100020446
:04139D001100131513
:04139E0011401415D1
:04139F00110016150E
:0413A00000C0014444
:0413A10010C017154C
:0413A20011401815C9
:0413A30000C0008402
:0413A40010C0191547
:0413A50011001C1502
:0413A60011401515C8
:0413A70010002415F9
:0413A80000C05944E4
:0413A90010C0251536
:0413AA001180261573
:0413AB001180271571
:0413AC00D0E0041772
:0413AD00118028156E
:0413AE00118029156C
:0413AF00198002158A
:0413B00019C0031548
:0413B10019400415C6
:0413B20019C0051544
:0413B30019C0061542
:0413B40019400715C0
:0413B50010001A15F5
:0413B60010001B15F3
:0413B70000147000AE
:0413B8000014990084
:0413B900001468C0F4
:0413BA00D0A00617A2
:0413BB0010002315E6
:0413BC0000147700A2
:0413BD000014914047
:0413BE00DFC0001775
:0413BF00DEC0010487
:0413C0000014A181F3
:0413C10020000A26D8
:0413C2000007883A5E
:0413C3002080004C3A
:0413C4001005003AD6
:0413C5002008D07AB2
:0413C6001000011EF4
:0413C7001947883A00
:0413C800294B883AEB
:0413C900203FF91EAA
:0413CA001805883A40
:0413CB00F800283AC4
:0413CC000007883A54
:0413CD001805883A3D
:0413CE00F800283AC1
:0413CF00DEFFFF043A
:0413D0000009883A4E
:0413D100DFC0001564
:0413D2000014F6C04D
:0413D3000014F6808C
:0413D400D1200A1703
:0413D500D1600B17C1
:0413D600D1A00C177F
:0413D700DFC000175C
:0413D800DEC001046E
:0413D9000014568125
:0413DA00F800283AB5
:0413DB00DEFFFF042E
:0413DC00DFC0001559
:0413DD000014F8C040
:0413DE000080004447
:0413DF001001703A4F
:0413E000DFC0001753
:0413E100DEC0010465
:0413E200F800283AAD
:0413E300000170FA9B
:0413E400F800283AAB
:0413E5000000000004
:0413E6000000000003
:0413E7000000000002
:0413E8000000000001
:0413E9000000000000
:0413EA0000000000FF
:0413EB0000000000FE
:0413EC0000000000FD
:0413ED0000000000FC
:0413EE0000000000FB
:0413EF0000000000FA
:0413F00000000000F9
:0413F10000000000F8
:0413F20000000000F7
:0413F30000000000F6
:0413F40000000000F5
:0413F50000000000F4
:0413F60000000000F3
:0413F70000000000F2
:0413F80000000000F1
:0413F90000000000F0
:0413FA0000000000EF
:0413FB0000000000EE
:0413FC0000000000ED
:0413FD0000000000EC
:0413FE0000000000EB
:0413FF0000000000EA
:0414000000000000E8
:0414010000000000E7
:0414020000000000E6
:0414030000000000E5
:0414040000000000E4
:0414050000000000E3
:0414060000000000E2
:0414070000000000E1
:0414080000000000E0
:0414090000000000DF
:04140A0000000000DE
:04140B0000000000DD
:04140C0000000000DC
:04140D0000000000DB
:04140E0000000000DA
:04140F0000000000D9
:0414100000000000D8
:0414110000000000D7
:0414120000000000D6
:0414130000000000D5
:0414140000000000D4
:0414150000000000D3
:0414160000000000D2
:0414170000000000D1
:0414180000000000D0
:0414190000000000CF
:04141A0000000000CE
:04141B0000000000CD
:04141C0000000000CC
:04141D0000000000CB
:04141E0000000000CA
:04141F0000000000C9
:0414200000000000C8
:0414210000000000C7
:0414220000000000C6
:0414230000000000C5
:0414240000000000C4
:0414250000000000C3
:0414260000000000C2
:0414270000000000C1
:0414280000000000C0
:0414290000000000BF
:04142A0000000000BE
:04142B0000000000BD
:04142C0000000000BC
:04142D0000000000BB
:04142E0000000000BA
:04142F0000000000B9
:0414300000000000B8
:0414310000000000B7
:0414320000000000B6
:0414330000000000B5
:0414340000000000B4
:0414350000000000B3
:0414360000000000B2
:0414370000000000B1
:0414380000000000B0
:0414390000000000AF
:04143A0000000000AE
:04143B0000000000AD
:04143C0000000000AC
:04143D0000000000AB
:04143E0000000000AA
:04143F0000000000A9
:0414400000000000A8
:0414410000000000A7
:0414420000000000A6
:0414430000000000A5
:0414440000000000A4
:0414450000000000A3
:0414460000000000A2
:0414470000000000A1
:0414480000000000A0
:04144900000000009F
:04144A00000000009E
:04144B00000000009D
:04144C00000000009C
:04144D00000000009B
:04144E00000000009A
:04144F000000000099
:041450000000000098
:041451000000000097
:041452000000000096
:041453000000000095
:041454000000000094
:041455000000000093
:041456000000000092
:041457000000000091
:041458000000000090
:04145900000000008F
:04145A00000000008E
:04145B00000000008D
:04145C00000000008C
:04145D00000000008B
:04145E00000000008A
:04145F000000000089
:041460000000000088
:041461000000000087
:041462000000000086
:041463000000000085
:041464000000000084
:041465000000000083
:041466000000000082
:041467000000000081
:041468000000000080
:04146900000000007F
:04146A00000000007E
:04146B00000000007D
:04146C00000000007C
:04146D00000000007B
:04146E00000000007A
:04146F000000000079
:041470000000000078
:041471000000000077
:041472000000000076
:041473000000000075
:041474000000000074
:041475000000000073
:041476000000000072
:041477000000000071
:041478000000000070
:04147900000000006F
:04147A00000000006E
:04147B00000000006D
:04147C00000000006C
:04147D00000000006B
:04147E00000000006A
:04147F000000000069
:041480000000000068
:041481000000000067
:041482000000000066
:041483000000000065
:041484000000000064
:041485000000000063
:041486000000000062
:041487000000000061
:041488000000000060
:04148900000000005F
:04148A00000000005E
:04148B00000000005D
:04148C00000000005C
:04148D00000000005B
:04148E00000000005A
:04148F000000000059
:041490000000000058
:041491000000000057
:041492000000000056
:041493000000000055
:041494000000000054
:041495000000000053
:041496000000000052
:041497000000000051
:041498000000000050
:04149900000000004F
:04149A00000000004E
:04149B00000000004D
:04149C00000000004C
:04149D00000000004B
:04149E00000000004A
:04149F000000000049
:0414A0000000000048
:0414A1000000000047
:0414A2000000000046
:0414A3000000000045
:0414A4000000000044
:0414A5000000000043
:0414A6000000000042
:0414A7000000000041
:0414A8000000000040
:0414A900000000003F
:0414AA00000000003E
:0414AB00000000003D
:0414AC00000000003C
:0414AD00000000003B
:0414AE00000000003A
:0414AF000000000039
:0414B0000000000038
:0414B1000000000037
:0414B2000000000036
:0414B3000000000035
:0414B4000000000034
:0414B5000000000033
:0414B6000000000032
:0414B7000000000031
:0414B8000000000030
:0414B900000000002F
:0414BA00000000002E
:0414BB00000000002D
:0414BC00000000002C
:0414BD00000000002B
:0414BE00000000002A
:0414BF000000000029
:0414C0000000000028
:0414C1000000000027
:0414C2000000000026
:0414C3000000000025
:0414C4000000000024
:0414C5000000000023
:0414C6000000000022
:0414C7000000000021
:0414C8000000000020
:0414C900000000001F
:0414CA00000000001E
:0414CB00000000001D
:0414CC00000000001C
:0414CD00000000001B
:0414CE00000000001A
:0414CF000000000019
:0414D0000000000018
:0414D1000000000017
:0414D2000000000016
:0414D3000000000015
:0414D4000000000014
:0414D5000000000013
:0414D6000000000012
:0414D7000000000011
:0414D8000000000010
:0414D900000000000F
:0414DA00000000000E
:0414DB00000000000D
:0414DC00000000000C
:0414DD00000000000B
:0414DE00000000000A
:0414DF000000000009
:0414E0000000000008
:0414E1000000000007
:0414E2000000000006
:0414E3000000000005
:0414E4000000000004
:0414E5000000000003
:0414E6000000000002
:0414E7000000000001
:0414E8000000000000
:0414E90000000000FF
:0414EA0000000000FE
:0414EB0000000000FD
:0414EC0000000000FC
:0414ED0000000000FB
:0414EE0000000000FA
:0414EF0000000000F9
:0414F00000000000F8
:0414F10000000000F7
:0414F20000000000F6
:0414F30000000000F5
:0414F40000000000F4
:0414F50000000000F3
:0414F60000000000F2
:0414F70000000000F1
:0414F80000000000F0
:0414F90000000000EF
:0414FA0000000000EE
:0414FB0000000000ED
:0414FC0000000000EC
:0414FD0000000000EB
:0414FE0000000000EA
:0414FF0000000000E9
:0415000000000000E7
:0415010000000000E6
:0415020000000000E5
:0415030000000000E4
:0415040000000000E3
:0415050000000000E2
:0415060000000000E1
:0415070000000000E0
:0415080000000000DF
:0415090000000000DE
:04150A0000000000DD
:04150B0000000000DC
:04150C0000000000DB
:04150D0000000000DA
:04150E0000000000D9
:04150F0000000000D8
:0415100000000000D7
:0415110000000000D6
:0415120000000000D5
:0415130000000000D4
:0415140000000000D3
:0415150000000000D2
:0415160000000000D1
:0415170000000000D0
:0415180000000000CF
:0415190000000000CE
:04151A0000000000CD
:04151B0000000000CC
:04151C0000000000CB
:04151D0000000000CA
:04151E0000000000C9
:04151F0000000000C8
:0415200000000000C7
:0415210000000000C6
:0415220000000000C5
:0415230000000000C4
:0415240000000000C3
:0415250000000000C2
:0415260000000000C1
:0415270000000000C0
:0415280000000000BF
:0415290000000000BE
:04152A0000000000BD
:04152B0000000000BC
:04152C0000000000BB
:04152D0000000000BA
:04152E0000000000B9
:04152F0000000000B8
:0415300000000000B7
:0415310000000000B6
:0415320000000000B5
:0415330000000000B4
:0415340000000000B3
:0415350000000000B2
:0415360000000000B1
:0415370000000000B0
:0415380000000000AF
:0415390000000000AE
:04153A0000000000AD
:04153B0000000000AC
:04153C0000000000AB
:04153D0000000000AA
:04153E0000000000A9
:04153F0000000000A8
:0415400000000000A7
:0415410000000000A6
:0415420000000000A5
:0415430000000000A4
:0415440000000000A3
:0415450000000000A2
:0415460000000000A1
:0415470000000000A0
:04154800000000009F
:04154900000000009E
:04154A00000000009D
:04154B00000000009C
:04154C00000000009B
:04154D00000000009A
:04154E000000000099
:04154F000000000098
:041550000000000097
:041551000000000096
:041552000000000095
:041553000000000094
:041554000000000093
:041555000000000092
:041556000000000091
:041557000000000090
:04155800000000008F
:04155900000000008E
:04155A00000000008D
:04155B00000000008C
:04155C00000000008B
:04155D00000000008A
:04155E000000000089
:04155F000000000088
:041560000000000087
:041561000000000086
:041562000000000085
:041563000000000084
:041564000000000083
:041565000000000082
:041566000000000081
:041567000000000080
:04156800000000007F
:04156900000000007E
:04156A00000000007D
:04156B00000000007C
:04156C00000000007B
:04156D00000000007A
:04156E000000000079
:04156F000000000078
:041570000000000077
:041571000000000076
:041572000000000075
:041573000000000074
:041574000000000073
:041575000000000072
:041576000000000071
:041577000000000070
:04157800000000006F
:04157900000000006E
:04157A00000000006D
:04157B00000000006C
:04157C00000000006B
:04157D00000000006A
:04157E000000000069
:04157F000000000068
:041580000000000067
:041581000000000066
:041582000000000065
:041583000000000064
:041584000000000063
:041585000000000062
:041586000000000061
:041587000000000060
:04158800000000005F
:04158900000000005E
:04158A00000000005D
:04158B00000000005C
:04158C00000000005B
:04158D00000000005A
:04158E000000000059
:04158F000000000058
:041590000000000057
:041591000000000056
:041592000000000055
:041593000000000054
:041594000000000053
:041595000000000052
:041596000000000051
:041597000000000050
:04159800000000004F
:04159900000000004E
:04159A00000000004D
:04159B00000000004C
:04159C00000000004B
:04159D00000000004A
:04159E000000000049
:04159F000000000048
:0415A0000000000047
:0415A1000000000046
:0415A2000000000045
:0415A3000000000044
:0415A4000000000043
:0415A5000000000042
:0415A6000000000041
:0415A7000000000040
:0415A800000000003F
:0415A900000000003E
:0415AA00000000003D
:0415AB00000000003C
:0415AC00000000003B
:0415AD00000000003A
:0415AE000000000039
:0415AF000000000038
:0415B0000000000037
:0415B1000000000036
:0415B2000000000035
:0415B3000000000034
:0415B4000000000033
:0415B5000000000032
:0415B6000000000031
:0415B7000000000030
:0415B800000000002F
:0415B900000000002E
:0415BA00000000002D
:0415BB00000000002C
:0415BC00000000002B
:0415BD00000000002A
:0415BE000000000029
:0415BF000000000028
:0415C0000000000027
:0415C1000000000026
:0415C2000000000025
:0415C3000000000024
:0415C4000000000023
:0415C5000000000022
:0415C6000000000021
:0415C7000000000020
:0415C800000000001F
:0415C900000000001E
:0415CA00000000001D
:0415CB00000000001C
:0415CC00000000001B
:0415CD00000000001A
:0415CE000000000019
:0415CF000000000018
:0415D0000000000017
:0415D1000000000016
:0415D2000000000015
:0415D3000000000014
:0415D4000000000013
:0415D5000000000012
:0415D6000000000011
:0415D7000000000010
:0415D800000000000F
:0415D900000000000E
:0415DA00000000000D
:0415DB00000000000C
:0415DC00000000000B
:0415DD00000000000A
:0415DE000000000009
:0415DF000000000008
:0415E0000000000007
:0415E1000000000006
:0415E2000000000005
:0415E3000000000004
:0415E4000000000003
:0415E5000000000002
:0415E6000000000001
:0415E7000000000000
:0415E80000000000FF
:0415E90000000000FE
:0415EA0000000000FD
:0415EB0000000000FC
:0415EC0000000000FB
:0415ED0000000000FA
:0415EE0000000000F9
:0415EF0000000000F8
:0415F00000000000F7
:0415F10000000000F6
:0415F20000000000F5
:0415F30000000000F4
:0415F40000000000F3
:0415F50000000000F2
:0415F60000000000F1
:0415F70000000000F0
:0415F80000000000EF
:0415F90000000000EE
:0415FA0000000000ED
:0415FB0000000000EC
:0415FC0000000000EB
:0415FD0000000000EA
:0415FE0000000000E9
:0415FF0000000000E8
:0416000000000000E6
:0416010000000000E5
:0416020000000000E4
:0416030000000000E3
:0416040000000000E2
:0416050000000000E1
:0416060000000000E0
:0416070000000000DF
:0416080000000000DE
:0416090000000000DD
:04160A0000000000DC
:04160B0000000000DB
:04160C0000000000DA
:04160D0000000000D9
:04160E0000000000D8
:04160F0000000000D7
:0416100000000000D6
:0416110000000000D5
:0416120000000000D4
:0416130000000000D3
:0416140000000000D2
:0416150000000000D1
:0416160000000000D0
:0416170000000000CF
:0416180000000000CE
:0416190000000000CD
:04161A0000000000CC
:04161B0000000000CB
:04161C0000000000CA
:04161D0000000000C9
:04161E0000000000C8
:04161F0000000000C7
:0416200000000000C6
:0416210000000000C5
:0416220000000000C4
:0416230000000000C3
:0416240000000000C2
:0416250000000000C1
:0416260000000000C0
:0416270000000000BF
:0416280000000000BE
:0416290000000000BD
:04162A0000000000BC
:04162B0000000000BB
:04162C0000000000BA
:04162D0000000000B9
:04162E0000000000B8
:04162F0000000000B7
:0416300000000000B6
:0416310000000000B5
:0416320000000000B4
:0416330000000000B3
:0416340000000000B2
:0416350000000000B1
:0416360000000000B0
:0416370000000000AF
:0416380000000000AE
:0416390000000000AD
:04163A0000000000AC
:04163B0000000000AB
:04163C0000000000AA
:04163D0000000000A9
:04163E0000000000A8
:04163F0000000000A7
:0416400000000000A6
:0416410000000000A5
:0416420000000000A4
:0416430000000000A3
:0416440000000000A2
:0416450000000000A1
:0416460000000000A0
:04164700000000009F
:04164800000000009E
:04164900000000009D
:04164A00000000009C
:04164B00000000009B
:04164C00000000009A
:04164D000000000099
:04164E000000000098
:04164F000000000097
:041650000000000096
:041651000000000095
:041652000000000094
:041653000000000093
:041654000000000092
:041655000000000091
:041656000000000090
:04165700000000008F
:04165800000000008E
:04165900000000008D
:04165A00000000008C
:04165B00000000008B
:04165C00000000008A
:04165D000000000089
:04165E000000000088
:04165F000000000087
:041660000000000086
:041661000000000085
:041662000000000084
:041663000000000083
:041664000000000082
:041665000000000081
:041666000000000080
:04166700000000007F
:04166800000000007E
:04166900000000007D
:04166A00000000007C
:04166B00000000007B
:04166C00000000007A
:04166D000000000079
:04166E000000000078
:04166F000000000077
:041670000000000076
:041671000000000075
:041672000000000074
:041673000000000073
:041674000000000072
:041675000000000071
:041676000000000070
:04167700000000006F
:04167800000000006E
:04167900000000006D
:04167A00000000006C
:04167B00000000006B
:04167C00000000006A
:04167D000000000069
:04167E000000000068
:04167F000000000067
:041680000000000066
:041681000000000065
:041682000000000064
:041683000000000063
:041684000000000062
:041685000000000061
:041686000000000060
:04168700000000005F
:04168800000000005E
:04168900000000005D
:04168A00000000005C
:04168B00000000005B
:04168C00000000005A
:04168D000000000059
:04168E000000000058
:04168F000000000057
:041690000000000056
:041691000000000055
:041692000000000054
:041693000000000053
:041694000000000052
:041695000000000051
:041696000000000050
:04169700000000004F
:04169800000000004E
:04169900000000004D
:04169A00000000004C
:04169B00000000004B
:04169C00000000004A
:04169D000000000049
:04169E000000000048
:04169F000000000047
:0416A0000000000046
:0416A1000000000045
:0416A2000000000044
:0416A3000000000043
:0416A4000000000042
:0416A5000000000041
:0416A6000000000040
:0416A700000000003F
:0416A800000000003E
:0416A900000000003D
:0416AA00000000003C
:0416AB00000000003B
:0416AC00000000003A
:0416AD000000000039
:0416AE000000000038
:0416AF000000000037
:0416B0000000000036
:0416B1000000000035
:0416B2000000000034
:0416B3000000000033
:0416B4000000000032
:0416B5000000000031
:0416B6000000000030
:0416B700000000002F
:0416B800000000002E
:0416B900000000002D
:0416BA00000000002C
:0416BB00000000002B
:0416BC00000000002A
:0416BD000000000029
:0416BE000000000028
:0416BF000000000027
:0416C0000000000026
:0416C1000000000025
:0416C2000000000024
:0416C3000000000023
:0416C4000000000022
:0416C5000000000021
:0416C6000000000020
:0416C700000000001F
:0416C800000000001E
:0416C900000000001D
:0416CA00000000001C
:0416CB00000000001B
:0416CC00000000001A
:0416CD000000000019
:0416CE000000000018
:0416CF000000000017
:0416D0000000000016
:0416D1000000000015
:0416D2000000000014
:0416D3000000000013
:0416D4000000000012
:0416D5000000000011
:0416D6000000000010
:0416D700000000000F
:0416D800000000000E
:0416D900000000000D
:0416DA00000000000C
:0416DB00000000000B
:0416DC00000000000A
:0416DD000000000009
:0416DE000000000008
:0416DF000000000007
:0416E0000000000006
:0416E1000000000005
:0416E2000000000004
:0416E3000000000003
:0416E4000000000002
:0416E5000000000001
:0416E6000000000000
:0416E70000000000FF
:0416E80000000000FE
:0416E90000000000FD
:0416EA0000000000FC
:0416EB0000000000FB
:0416EC0000000000FA
:0416ED0000000000F9
:0416EE0000000000F8
:0416EF0000000000F7
:0416F00000000000F6
:0416F10000000000F5
:0416F20000000000F4
:0416F30000000000F3
:0416F40000000000F2
:0416F50000000000F1
:0416F60000000000F0
:0416F70000000000EF
:0416F80000000000EE
:0416F90000000000ED
:0416FA0000000000EC
:0416FB0000000000EB
:0416FC0000000000EA
:0416FD0000000000E9
:0416FE0000000000E8
:0416FF0000000000E7
:00000001FF
